session_id,session_type,speaker,input_text,emotion,conflict_type,response_type,privacy_level,ai_response,input_output
BM00001,personal,husband,I feel she does not listen when I try to explain.,sadness,communication gap,empathy,personal,Feeling ignored can hurt. Ask for a calm moment and state one specific need.,Input: I feel she does not listen when I try to explain. || Output: Feeling ignored can hurt. Ask for a calm moment and state one specific need.
BM00002,personal,wife,He gets defensive and I stop sharing.,frustration,defensive behavior,reflection,personal,You are noticing a pattern that blocks sharing. Pause and reset the tone before continuing.,Input: He gets defensive and I stop sharing. || Output: You are noticing a pattern that blocks sharing. Pause and reset the tone before continuing.
BM00003,couple,both,We keep arguing about the same issue.,frustration,recurring conflict,de-escalation,shared,Slow the discussion and let each person speak fully before responding.,Input: We keep arguing about the same issue. || Output: Slow the discussion and let each person speak fully before responding.
BM00004,personal,husband,Work stress made me speak harshly.,guilt,stress spillover,accountability coaching,personal,"Acknowledge the tone, apologize, and commit to a calmer response next time.","Input: Work stress made me speak harshly. || Output: Acknowledge the tone, apologize, and commit to a calmer response next time."
BM00005,personal,wife,I feel excluded from important decisions.,hurt,trust issue,validation,personal,Feeling excluded is valid. Explain why shared decisions matter to you.,Input: I feel excluded from important decisions. || Output: Feeling excluded is valid. Explain why shared decisions matter to you.
BM00006,couple,both,We want to communicate better.,hope,none,positive reinforcement,shared,Great goal. Practice active listening and end with one action step.,Input: We want to communicate better. || Output: Great goal. Practice active listening and end with one action step.
BM00007,personal,husband,I miss how we used to talk calmly.,nostalgia,relationship distance,bonding suggestion,personal,Share a positive memory to reopen safe communication.,Input: I miss how we used to talk calmly. || Output: Share a positive memory to reopen safe communication.
BM00008,couple,both,One of us dominates the conversation.,frustration,communication imbalance,pattern reflection,shared,Balance speaking time and reflect what you heard before replying.,Input: One of us dominates the conversation. || Output: Balance speaking time and reflect what you heard before replying.
BM00009,personal,wife,Arguments make me anxious.,anxiety,anger escalation,calming strategy,personal,Take a short pause and use slow breathing before continuing.,Input: Arguments make me anxious. || Output: Take a short pause and use slow breathing before continuing.
BM00010,couple,both,We will listen without interrupting.,calm,argument control,action plan,shared,"Keep the rule simple: one speaks, one listens, then summarize.","Input: We will listen without interrupting. || Output: Keep the rule simple: one speaks, one listens, then summarize."
BM00011,personal,husband,I feel she does not listen when I try to explain.,sadness,communication gap,empathy,personal,It sounds like you feel unheard. Try expressing your needs calmly and clearly.,Input: I feel she does not listen when I try to explain. || Output: It sounds like you feel unheard. Try expressing your needs calmly and clearly.
BM00012,personal,wife,He gets defensive and I stop sharing.,frustration,defensive behavior,reflection,personal,This pattern suggests tension. Try choosing a calmer time to talk.,Input: He gets defensive and I stop sharing. || Output: This pattern suggests tension. Try choosing a calmer time to talk.
BM00013,couple,both,We keep arguing about the same issue.,frustration,recurring conflict,de-escalation,shared,Slow the discussion and let each person speak fully before responding.,Input: We keep arguing about the same issue. || Output: Slow the discussion and let each person speak fully before responding.
BM00014,personal,husband,Work stress made me speak harshly.,guilt,stress spillover,accountability coaching,personal,"Acknowledge the tone, apologize, and commit to a calmer response next time.","Input: Work stress made me speak harshly. || Output: Acknowledge the tone, apologize, and commit to a calmer response next time."
BM00015,personal,wife,I feel excluded from important decisions.,hurt,trust issue,validation,personal,Feeling excluded is valid. Explain why shared decisions matter to you.,Input: I feel excluded from important decisions. || Output: Feeling excluded is valid. Explain why shared decisions matter to you.
BM00016,couple,both,We want to communicate better.,hope,none,positive reinforcement,shared,Great goal. Practice active listening and end with one action step.,Input: We want to communicate better. || Output: Great goal. Practice active listening and end with one action step.
BM00017,personal,husband,I miss how we used to talk calmly.,nostalgia,relationship distance,bonding suggestion,personal,Share a positive memory to reopen safe communication.,Input: I miss how we used to talk calmly. || Output: Share a positive memory to reopen safe communication.
BM00018,couple,both,One of us dominates the conversation.,frustration,communication imbalance,pattern reflection,shared,Balance speaking time and reflect what you heard before replying.,Input: One of us dominates the conversation. || Output: Balance speaking time and reflect what you heard before replying.
BM00019,personal,wife,Arguments make me anxious.,anxiety,anger escalation,calming strategy,personal,Take a short pause and use slow breathing before continuing.,Input: Arguments make me anxious. || Output: Take a short pause and use slow breathing before continuing.
BM00020,couple,both,We will listen without interrupting.,calm,argument control,action plan,shared,"Keep the rule simple: one speaks, one listens, then summarize.","Input: We will listen without interrupting. || Output: Keep the rule simple: one speaks, one listens, then summarize."
BM00021,personal,husband,I feel she does not listen when I try to explain.,sadness,communication gap,empathy,personal,It sounds like you feel unheard. Try expressing your needs calmly and clearly.,Input: I feel she does not listen when I try to explain. || Output: It sounds like you feel unheard. Try expressing your needs calmly and clearly.
BM00022,personal,wife,He gets defensive and I stop sharing.,frustration,defensive behavior,reflection,personal,This pattern suggests tension. Try choosing a calmer time to talk.,Input: He gets defensive and I stop sharing. || Output: This pattern suggests tension. Try choosing a calmer time to talk.
BM00023,couple,both,We keep arguing about the same issue.,frustration,recurring conflict,de-escalation,shared,This seems repeated. Focus on one issue and avoid past topics for now.,Input: We keep arguing about the same issue. || Output: This seems repeated. Focus on one issue and avoid past topics for now.
BM00024,personal,husband,Work stress made me speak harshly.,guilt,stress spillover,accountability coaching,personal,"Acknowledge the tone, apologize, and commit to a calmer response next time.","Input: Work stress made me speak harshly. || Output: Acknowledge the tone, apologize, and commit to a calmer response next time."
BM00025,personal,wife,I feel excluded from important decisions.,hurt,trust issue,validation,personal,Feeling excluded is valid. Explain why shared decisions matter to you.,Input: I feel excluded from important decisions. || Output: Feeling excluded is valid. Explain why shared decisions matter to you.
BM00026,couple,both,We want to communicate better.,hope,none,positive reinforcement,shared,Great goal. Practice active listening and end with one action step.,Input: We want to communicate better. || Output: Great goal. Practice active listening and end with one action step.
BM00027,personal,husband,I miss how we used to talk calmly.,nostalgia,relationship distance,bonding suggestion,personal,Share a positive memory to reopen safe communication.,Input: I miss how we used to talk calmly. || Output: Share a positive memory to reopen safe communication.
BM00028,couple,both,One of us dominates the conversation.,frustration,communication imbalance,pattern reflection,shared,Use turn-taking to make the conversation fair.,Input: One of us dominates the conversation. || Output: Use turn-taking to make the conversation fair.
BM00029,personal,wife,Arguments make me anxious.,anxiety,anger escalation,calming strategy,personal,Take a short pause and use slow breathing before continuing.,Input: Arguments make me anxious. || Output: Take a short pause and use slow breathing before continuing.
BM00030,couple,both,We will listen without interrupting.,calm,argument control,action plan,shared,"Keep the rule simple: one speaks, one listens, then summarize.","Input: We will listen without interrupting. || Output: Keep the rule simple: one speaks, one listens, then summarize."
BM00031,personal,husband,I feel she does not listen when I try to explain.,sadness,communication gap,empathy,personal,Feeling ignored can hurt. Ask for a calm moment and state one specific need.,Input: I feel she does not listen when I try to explain. || Output: Feeling ignored can hurt. Ask for a calm moment and state one specific need.
BM00032,personal,wife,He gets defensive and I stop sharing.,frustration,defensive behavior,reflection,personal,You are noticing a pattern that blocks sharing. Pause and reset the tone before continuing.,Input: He gets defensive and I stop sharing. || Output: You are noticing a pattern that blocks sharing. Pause and reset the tone before continuing.
BM00033,couple,both,We keep arguing about the same issue.,frustration,recurring conflict,de-escalation,shared,This seems repeated. Focus on one issue and avoid past topics for now.,Input: We keep arguing about the same issue. || Output: This seems repeated. Focus on one issue and avoid past topics for now.
BM00034,personal,husband,Work stress made me speak harshly.,guilt,stress spillover,accountability coaching,personal,"Acknowledge the tone, apologize, and commit to a calmer response next time.","Input: Work stress made me speak harshly. || Output: Acknowledge the tone, apologize, and commit to a calmer response next time."
BM00035,personal,wife,I feel excluded from important decisions.,hurt,trust issue,validation,personal,Your concern is understandable. Ask for regular check-ins on decisions.,Input: I feel excluded from important decisions. || Output: Your concern is understandable. Ask for regular check-ins on decisions.
BM00036,couple,both,We want to communicate better.,hope,none,positive reinforcement,shared,Great goal. Practice active listening and end with one action step.,Input: We want to communicate better. || Output: Great goal. Practice active listening and end with one action step.
BM00037,personal,husband,I miss how we used to talk calmly.,nostalgia,relationship distance,bonding suggestion,personal,Plan a calm activity together to rebuild connection.,Input: I miss how we used to talk calmly. || Output: Plan a calm activity together to rebuild connection.
BM00038,couple,both,One of us dominates the conversation.,frustration,communication imbalance,pattern reflection,shared,Balance speaking time and reflect what you heard before replying.,Input: One of us dominates the conversation. || Output: Balance speaking time and reflect what you heard before replying.
BM00039,personal,wife,Arguments make me anxious.,anxiety,anger escalation,calming strategy,personal,Take a short pause and use slow breathing before continuing.,Input: Arguments make me anxious. || Output: Take a short pause and use slow breathing before continuing.
BM00040,couple,both,We will listen without interrupting.,calm,argument control,action plan,shared,"Use a small, clear plan and follow it consistently.","Input: We will listen without interrupting. || Output: Use a small, clear plan and follow it consistently."
BM00041,personal,husband,I feel she does not listen when I try to explain.,sadness,communication gap,empathy,personal,Feeling ignored can hurt. Ask for a calm moment and state one specific need.,Input: I feel she does not listen when I try to explain. || Output: Feeling ignored can hurt. Ask for a calm moment and state one specific need.
BM00042,personal,wife,He gets defensive and I stop sharing.,frustration,defensive behavior,reflection,personal,This pattern suggests tension. Try choosing a calmer time to talk.,Input: He gets defensive and I stop sharing. || Output: This pattern suggests tension. Try choosing a calmer time to talk.
BM00043,couple,both,We keep arguing about the same issue.,frustration,recurring conflict,de-escalation,shared,Slow the discussion and let each person speak fully before responding.,Input: We keep arguing about the same issue. || Output: Slow the discussion and let each person speak fully before responding.
BM00044,personal,husband,Work stress made me speak harshly.,guilt,stress spillover,accountability coaching,personal,Recognize your part and plan how to manage stress before conversations.,Input: Work stress made me speak harshly. || Output: Recognize your part and plan how to manage stress before conversations.
BM00045,personal,wife,I feel excluded from important decisions.,hurt,trust issue,validation,personal,Your concern is understandable. Ask for regular check-ins on decisions.,Input: I feel excluded from important decisions. || Output: Your concern is understandable. Ask for regular check-ins on decisions.
BM00046,couple,both,We want to communicate better.,hope,none,positive reinforcement,shared,Build on this by checking in regularly and keeping respect.,Input: We want to communicate better. || Output: Build on this by checking in regularly and keeping respect.
BM00047,personal,husband,I miss how we used to talk calmly.,nostalgia,relationship distance,bonding suggestion,personal,Plan a calm activity together to rebuild connection.,Input: I miss how we used to talk calmly. || Output: Plan a calm activity together to rebuild connection.
BM00048,couple,both,One of us dominates the conversation.,frustration,communication imbalance,pattern reflection,shared,Balance speaking time and reflect what you heard before replying.,Input: One of us dominates the conversation. || Output: Balance speaking time and reflect what you heard before replying.
BM00049,personal,wife,Arguments make me anxious.,anxiety,anger escalation,calming strategy,personal,Take a short pause and use slow breathing before continuing.,Input: Arguments make me anxious. || Output: Take a short pause and use slow breathing before continuing.
BM00050,couple,both,We will listen without interrupting.,calm,argument control,action plan,shared,"Keep the rule simple: one speaks, one listens, then summarize.","Input: We will listen without interrupting. || Output: Keep the rule simple: one speaks, one listens, then summarize."
BM00051,personal,husband,I feel she does not listen when I try to explain.,sadness,communication gap,empathy,personal,Feeling ignored can hurt. Ask for a calm moment and state one specific need.,Input: I feel she does not listen when I try to explain. || Output: Feeling ignored can hurt. Ask for a calm moment and state one specific need.
BM00052,personal,wife,He gets defensive and I stop sharing.,frustration,defensive behavior,reflection,personal,This pattern suggests tension. Try choosing a calmer time to talk.,Input: He gets defensive and I stop sharing. || Output: This pattern suggests tension. Try choosing a calmer time to talk.
BM00053,couple,both,We keep arguing about the same issue.,frustration,recurring conflict,de-escalation,shared,Slow the discussion and let each person speak fully before responding.,Input: We keep arguing about the same issue. || Output: Slow the discussion and let each person speak fully before responding.
BM00054,personal,husband,Work stress made me speak harshly.,guilt,stress spillover,accountability coaching,personal,Recognize your part and plan how to manage stress before conversations.,Input: Work stress made me speak harshly. || Output: Recognize your part and plan how to manage stress before conversations.
BM00055,personal,wife,I feel excluded from important decisions.,hurt,trust issue,validation,personal,Your concern is understandable. Ask for regular check-ins on decisions.,Input: I feel excluded from important decisions. || Output: Your concern is understandable. Ask for regular check-ins on decisions.
BM00056,couple,both,We want to communicate better.,hope,none,positive reinforcement,shared,Great goal. Practice active listening and end with one action step.,Input: We want to communicate better. || Output: Great goal. Practice active listening and end with one action step.
BM00057,personal,husband,I miss how we used to talk calmly.,nostalgia,relationship distance,bonding suggestion,personal,Plan a calm activity together to rebuild connection.,Input: I miss how we used to talk calmly. || Output: Plan a calm activity together to rebuild connection.
BM00058,couple,both,One of us dominates the conversation.,frustration,communication imbalance,pattern reflection,shared,Use turn-taking to make the conversation fair.,Input: One of us dominates the conversation. || Output: Use turn-taking to make the conversation fair.
BM00059,personal,wife,Arguments make me anxious.,anxiety,anger escalation,calming strategy,personal,Take a short pause and use slow breathing before continuing.,Input: Arguments make me anxious. || Output: Take a short pause and use slow breathing before continuing.
BM00060,couple,both,We will listen without interrupting.,calm,argument control,action plan,shared,"Use a small, clear plan and follow it consistently.","Input: We will listen without interrupting. || Output: Use a small, clear plan and follow it consistently."
BM00061,personal,husband,I feel she does not listen when I try to explain.,sadness,communication gap,empathy,personal,It sounds like you feel unheard. Try expressing your needs calmly and clearly.,Input: I feel she does not listen when I try to explain. || Output: It sounds like you feel unheard. Try expressing your needs calmly and clearly.
BM00062,personal,wife,He gets defensive and I stop sharing.,frustration,defensive behavior,reflection,personal,This pattern suggests tension. Try choosing a calmer time to talk.,Input: He gets defensive and I stop sharing. || Output: This pattern suggests tension. Try choosing a calmer time to talk.
BM00063,couple,both,We keep arguing about the same issue.,frustration,recurring conflict,de-escalation,shared,Slow the discussion and let each person speak fully before responding.,Input: We keep arguing about the same issue. || Output: Slow the discussion and let each person speak fully before responding.
BM00064,personal,husband,Work stress made me speak harshly.,guilt,stress spillover,accountability coaching,personal,"Acknowledge the tone, apologize, and commit to a calmer response next time.","Input: Work stress made me speak harshly. || Output: Acknowledge the tone, apologize, and commit to a calmer response next time."
BM00065,personal,wife,I feel excluded from important decisions.,hurt,trust issue,validation,personal,Feeling excluded is valid. Explain why shared decisions matter to you.,Input: I feel excluded from important decisions. || Output: Feeling excluded is valid. Explain why shared decisions matter to you.
BM00066,couple,both,We want to communicate better.,hope,none,positive reinforcement,shared,Build on this by checking in regularly and keeping respect.,Input: We want to communicate better. || Output: Build on this by checking in regularly and keeping respect.
BM00067,personal,husband,I miss how we used to talk calmly.,nostalgia,relationship distance,bonding suggestion,personal,Share a positive memory to reopen safe communication.,Input: I miss how we used to talk calmly. || Output: Share a positive memory to reopen safe communication.
BM00068,couple,both,One of us dominates the conversation.,frustration,communication imbalance,pattern reflection,shared,Use turn-taking to make the conversation fair.,Input: One of us dominates the conversation. || Output: Use turn-taking to make the conversation fair.
BM00069,personal,wife,Arguments make me anxious.,anxiety,anger escalation,calming strategy,personal,Ask for a break if the tone escalates.,Input: Arguments make me anxious. || Output: Ask for a break if the tone escalates.
BM00070,couple,both,We will listen without interrupting.,calm,argument control,action plan,shared,"Use a small, clear plan and follow it consistently.","Input: We will listen without interrupting. || Output: Use a small, clear plan and follow it consistently."
BM00071,personal,husband,I feel she does not listen when I try to explain.,sadness,communication gap,empathy,personal,It sounds like you feel unheard. Try expressing your needs calmly and clearly.,Input: I feel she does not listen when I try to explain. || Output: It sounds like you feel unheard. Try expressing your needs calmly and clearly.
BM00072,personal,wife,He gets defensive and I stop sharing.,frustration,defensive behavior,reflection,personal,You are noticing a pattern that blocks sharing. Pause and reset the tone before continuing.,Input: He gets defensive and I stop sharing. || Output: You are noticing a pattern that blocks sharing. Pause and reset the tone before continuing.
BM00073,couple,both,We keep arguing about the same issue.,frustration,recurring conflict,de-escalation,shared,Slow the discussion and let each person speak fully before responding.,Input: We keep arguing about the same issue. || Output: Slow the discussion and let each person speak fully before responding.
BM00074,personal,husband,Work stress made me speak harshly.,guilt,stress spillover,accountability coaching,personal,Recognize your part and plan how to manage stress before conversations.,Input: Work stress made me speak harshly. || Output: Recognize your part and plan how to manage stress before conversations.
BM00075,personal,wife,I feel excluded from important decisions.,hurt,trust issue,validation,personal,Feeling excluded is valid. Explain why shared decisions matter to you.,Input: I feel excluded from important decisions. || Output: Feeling excluded is valid. Explain why shared decisions matter to you.
BM00076,couple,both,We want to communicate better.,hope,none,positive reinforcement,shared,Great goal. Practice active listening and end with one action step.,Input: We want to communicate better. || Output: Great goal. Practice active listening and end with one action step.
BM00077,personal,husband,I miss how we used to talk calmly.,nostalgia,relationship distance,bonding suggestion,personal,Share a positive memory to reopen safe communication.,Input: I miss how we used to talk calmly. || Output: Share a positive memory to reopen safe communication.
BM00078,couple,both,One of us dominates the conversation.,frustration,communication imbalance,pattern reflection,shared,Use turn-taking to make the conversation fair.,Input: One of us dominates the conversation. || Output: Use turn-taking to make the conversation fair.
BM00079,personal,wife,Arguments make me anxious.,anxiety,anger escalation,calming strategy,personal,Ask for a break if the tone escalates.,Input: Arguments make me anxious. || Output: Ask for a break if the tone escalates.
BM00080,couple,both,We will listen without interrupting.,calm,argument control,action plan,shared,"Use a small, clear plan and follow it consistently.","Input: We will listen without interrupting. || Output: Use a small, clear plan and follow it consistently."
BM00081,personal,husband,I feel she does not listen when I try to explain.,sadness,communication gap,empathy,personal,Feeling ignored can hurt. Ask for a calm moment and state one specific need.,Input: I feel she does not listen when I try to explain. || Output: Feeling ignored can hurt. Ask for a calm moment and state one specific need.
BM00082,personal,wife,He gets defensive and I stop sharing.,frustration,defensive behavior,reflection,personal,You are noticing a pattern that blocks sharing. Pause and reset the tone before continuing.,Input: He gets defensive and I stop sharing. || Output: You are noticing a pattern that blocks sharing. Pause and reset the tone before continuing.
BM00083,couple,both,We keep arguing about the same issue.,frustration,recurring conflict,de-escalation,shared,Slow the discussion and let each person speak fully before responding.,Input: We keep arguing about the same issue. || Output: Slow the discussion and let each person speak fully before responding.
BM00084,personal,husband,Work stress made me speak harshly.,guilt,stress spillover,accountability coaching,personal,Recognize your part and plan how to manage stress before conversations.,Input: Work stress made me speak harshly. || Output: Recognize your part and plan how to manage stress before conversations.
BM00085,personal,wife,I feel excluded from important decisions.,hurt,trust issue,validation,personal,Feeling excluded is valid. Explain why shared decisions matter to you.,Input: I feel excluded from important decisions. || Output: Feeling excluded is valid. Explain why shared decisions matter to you.
BM00086,couple,both,We want to communicate better.,hope,none,positive reinforcement,shared,Great goal. Practice active listening and end with one action step.,Input: We want to communicate better. || Output: Great goal. Practice active listening and end with one action step.
BM00087,personal,husband,I miss how we used to talk calmly.,nostalgia,relationship distance,bonding suggestion,personal,Share a positive memory to reopen safe communication.,Input: I miss how we used to talk calmly. || Output: Share a positive memory to reopen safe communication.
BM00088,couple,both,One of us dominates the conversation.,frustration,communication imbalance,pattern reflection,shared,Balance speaking time and reflect what you heard before replying.,Input: One of us dominates the conversation. || Output: Balance speaking time and reflect what you heard before replying.
BM00089,personal,wife,Arguments make me anxious.,anxiety,anger escalation,calming strategy,personal,Take a short pause and use slow breathing before continuing.,Input: Arguments make me anxious. || Output: Take a short pause and use slow breathing before continuing.
BM00090,couple,both,We will listen without interrupting.,calm,argument control,action plan,shared,"Use a small, clear plan and follow it consistently.","Input: We will listen without interrupting. || Output: Use a small, clear plan and follow it consistently."
BM00091,personal,husband,I feel she does not listen when I try to explain.,sadness,communication gap,empathy,personal,It sounds like you feel unheard. Try expressing your needs calmly and clearly.,Input: I feel she does not listen when I try to explain. || Output: It sounds like you feel unheard. Try expressing your needs calmly and clearly.
BM00092,personal,wife,He gets defensive and I stop sharing.,frustration,defensive behavior,reflection,personal,You are noticing a pattern that blocks sharing. Pause and reset the tone before continuing.,Input: He gets defensive and I stop sharing. || Output: You are noticing a pattern that blocks sharing. Pause and reset the tone before continuing.
BM00093,couple,both,We keep arguing about the same issue.,frustration,recurring conflict,de-escalation,shared,Slow the discussion and let each person speak fully before responding.,Input: We keep arguing about the same issue. || Output: Slow the discussion and let each person speak fully before responding.
BM00094,personal,husband,Work stress made me speak harshly.,guilt,stress spillover,accountability coaching,personal,Recognize your part and plan how to manage stress before conversations.,Input: Work stress made me speak harshly. || Output: Recognize your part and plan how to manage stress before conversations.
BM00095,personal,wife,I feel excluded from important decisions.,hurt,trust issue,validation,personal,Your concern is understandable. Ask for regular check-ins on decisions.,Input: I feel excluded from important decisions. || Output: Your concern is understandable. Ask for regular check-ins on decisions.
BM00096,couple,both,We want to communicate better.,hope,none,positive reinforcement,shared,Great goal. Practice active listening and end with one action step.,Input: We want to communicate better. || Output: Great goal. Practice active listening and end with one action step.
BM00097,personal,husband,I miss how we used to talk calmly.,nostalgia,relationship distance,bonding suggestion,personal,Plan a calm activity together to rebuild connection.,Input: I miss how we used to talk calmly. || Output: Plan a calm activity together to rebuild connection.
BM00098,couple,both,One of us dominates the conversation.,frustration,communication imbalance,pattern reflection,shared,Use turn-taking to make the conversation fair.,Input: One of us dominates the conversation. || Output: Use turn-taking to make the conversation fair.
BM00099,personal,wife,Arguments make me anxious.,anxiety,anger escalation,calming strategy,personal,Ask for a break if the tone escalates.,Input: Arguments make me anxious. || Output: Ask for a break if the tone escalates.
BM00100,couple,both,We will listen without interrupting.,calm,argument control,action plan,shared,"Use a small, clear plan and follow it consistently.","Input: We will listen without interrupting. || Output: Use a small, clear plan and follow it consistently."
BM00101,personal,husband,I feel she does not listen when I try to explain.,sadness,communication gap,empathy,personal,It sounds like you feel unheard. Try expressing your needs calmly and clearly.,Input: I feel she does not listen when I try to explain. || Output: It sounds like you feel unheard. Try expressing your needs calmly and clearly.
BM00102,personal,wife,He gets defensive and I stop sharing.,frustration,defensive behavior,reflection,personal,This pattern suggests tension. Try choosing a calmer time to talk.,Input: He gets defensive and I stop sharing. || Output: This pattern suggests tension. Try choosing a calmer time to talk.
BM00103,couple,both,We keep arguing about the same issue.,frustration,recurring conflict,de-escalation,shared,Slow the discussion and let each person speak fully before responding.,Input: We keep arguing about the same issue. || Output: Slow the discussion and let each person speak fully before responding.
BM00104,personal,husband,Work stress made me speak harshly.,guilt,stress spillover,accountability coaching,personal,Recognize your part and plan how to manage stress before conversations.,Input: Work stress made me speak harshly. || Output: Recognize your part and plan how to manage stress before conversations.
BM00105,personal,wife,I feel excluded from important decisions.,hurt,trust issue,validation,personal,Your concern is understandable. Ask for regular check-ins on decisions.,Input: I feel excluded from important decisions. || Output: Your concern is understandable. Ask for regular check-ins on decisions.
BM00106,couple,both,We want to communicate better.,hope,none,positive reinforcement,shared,Build on this by checking in regularly and keeping respect.,Input: We want to communicate better. || Output: Build on this by checking in regularly and keeping respect.
BM00107,personal,husband,I miss how we used to talk calmly.,nostalgia,relationship distance,bonding suggestion,personal,Plan a calm activity together to rebuild connection.,Input: I miss how we used to talk calmly. || Output: Plan a calm activity together to rebuild connection.
BM00108,couple,both,One of us dominates the conversation.,frustration,communication imbalance,pattern reflection,shared,Balance speaking time and reflect what you heard before replying.,Input: One of us dominates the conversation. || Output: Balance speaking time and reflect what you heard before replying.
BM00109,personal,wife,Arguments make me anxious.,anxiety,anger escalation,calming strategy,personal,Take a short pause and use slow breathing before continuing.,Input: Arguments make me anxious. || Output: Take a short pause and use slow breathing before continuing.
BM00110,couple,both,We will listen without interrupting.,calm,argument control,action plan,shared,"Keep the rule simple: one speaks, one listens, then summarize.","Input: We will listen without interrupting. || Output: Keep the rule simple: one speaks, one listens, then summarize."
BM00111,personal,husband,I feel she does not listen when I try to explain.,sadness,communication gap,empathy,personal,It sounds like you feel unheard. Try expressing your needs calmly and clearly.,Input: I feel she does not listen when I try to explain. || Output: It sounds like you feel unheard. Try expressing your needs calmly and clearly.
BM00112,personal,wife,He gets defensive and I stop sharing.,frustration,defensive behavior,reflection,personal,You are noticing a pattern that blocks sharing. Pause and reset the tone before continuing.,Input: He gets defensive and I stop sharing. || Output: You are noticing a pattern that blocks sharing. Pause and reset the tone before continuing.
BM00113,couple,both,We keep arguing about the same issue.,frustration,recurring conflict,de-escalation,shared,This seems repeated. Focus on one issue and avoid past topics for now.,Input: We keep arguing about the same issue. || Output: This seems repeated. Focus on one issue and avoid past topics for now.
BM00114,personal,husband,Work stress made me speak harshly.,guilt,stress spillover,accountability coaching,personal,"Acknowledge the tone, apologize, and commit to a calmer response next time.","Input: Work stress made me speak harshly. || Output: Acknowledge the tone, apologize, and commit to a calmer response next time."
BM00115,personal,wife,I feel excluded from important decisions.,hurt,trust issue,validation,personal,Your concern is understandable. Ask for regular check-ins on decisions.,Input: I feel excluded from important decisions. || Output: Your concern is understandable. Ask for regular check-ins on decisions.
BM00116,couple,both,We want to communicate better.,hope,none,positive reinforcement,shared,Great goal. Practice active listening and end with one action step.,Input: We want to communicate better. || Output: Great goal. Practice active listening and end with one action step.
BM00117,personal,husband,I miss how we used to talk calmly.,nostalgia,relationship distance,bonding suggestion,personal,Share a positive memory to reopen safe communication.,Input: I miss how we used to talk calmly. || Output: Share a positive memory to reopen safe communication.
BM00118,couple,both,One of us dominates the conversation.,frustration,communication imbalance,pattern reflection,shared,Use turn-taking to make the conversation fair.,Input: One of us dominates the conversation. || Output: Use turn-taking to make the conversation fair.
BM00119,personal,wife,Arguments make me anxious.,anxiety,anger escalation,calming strategy,personal,Take a short pause and use slow breathing before continuing.,Input: Arguments make me anxious. || Output: Take a short pause and use slow breathing before continuing.
BM00120,couple,both,We will listen without interrupting.,calm,argument control,action plan,shared,"Keep the rule simple: one speaks, one listens, then summarize.","Input: We will listen without interrupting. || Output: Keep the rule simple: one speaks, one listens, then summarize."
BM00121,personal,husband,I feel she does not listen when I try to explain.,sadness,communication gap,empathy,personal,Feeling ignored can hurt. Ask for a calm moment and state one specific need.,Input: I feel she does not listen when I try to explain. || Output: Feeling ignored can hurt. Ask for a calm moment and state one specific need.
BM00122,personal,wife,He gets defensive and I stop sharing.,frustration,defensive behavior,reflection,personal,This pattern suggests tension. Try choosing a calmer time to talk.,Input: He gets defensive and I stop sharing. || Output: This pattern suggests tension. Try choosing a calmer time to talk.
BM00123,couple,both,We keep arguing about the same issue.,frustration,recurring conflict,de-escalation,shared,Slow the discussion and let each person speak fully before responding.,Input: We keep arguing about the same issue. || Output: Slow the discussion and let each person speak fully before responding.
BM00124,personal,husband,Work stress made me speak harshly.,guilt,stress spillover,accountability coaching,personal,"Acknowledge the tone, apologize, and commit to a calmer response next time.","Input: Work stress made me speak harshly. || Output: Acknowledge the tone, apologize, and commit to a calmer response next time."
BM00125,personal,wife,I feel excluded from important decisions.,hurt,trust issue,validation,personal,Feeling excluded is valid. Explain why shared decisions matter to you.,Input: I feel excluded from important decisions. || Output: Feeling excluded is valid. Explain why shared decisions matter to you.
BM00126,couple,both,We want to communicate better.,hope,none,positive reinforcement,shared,Build on this by checking in regularly and keeping respect.,Input: We want to communicate better. || Output: Build on this by checking in regularly and keeping respect.
BM00127,personal,husband,I miss how we used to talk calmly.,nostalgia,relationship distance,bonding suggestion,personal,Share a positive memory to reopen safe communication.,Input: I miss how we used to talk calmly. || Output: Share a positive memory to reopen safe communication.
BM00128,couple,both,One of us dominates the conversation.,frustration,communication imbalance,pattern reflection,shared,Use turn-taking to make the conversation fair.,Input: One of us dominates the conversation. || Output: Use turn-taking to make the conversation fair.
BM00129,personal,wife,Arguments make me anxious.,anxiety,anger escalation,calming strategy,personal,Ask for a break if the tone escalates.,Input: Arguments make me anxious. || Output: Ask for a break if the tone escalates.
BM00130,couple,both,We will listen without interrupting.,calm,argument control,action plan,shared,"Use a small, clear plan and follow it consistently.","Input: We will listen without interrupting. || Output: Use a small, clear plan and follow it consistently."
BM00131,personal,husband,I feel she does not listen when I try to explain.,sadness,communication gap,empathy,personal,It sounds like you feel unheard. Try expressing your needs calmly and clearly.,Input: I feel she does not listen when I try to explain. || Output: It sounds like you feel unheard. Try expressing your needs calmly and clearly.
BM00132,personal,wife,He gets defensive and I stop sharing.,frustration,defensive behavior,reflection,personal,This pattern suggests tension. Try choosing a calmer time to talk.,Input: He gets defensive and I stop sharing. || Output: This pattern suggests tension. Try choosing a calmer time to talk.
BM00133,couple,both,We keep arguing about the same issue.,frustration,recurring conflict,de-escalation,shared,Slow the discussion and let each person speak fully before responding.,Input: We keep arguing about the same issue. || Output: Slow the discussion and let each person speak fully before responding.
BM00134,personal,husband,Work stress made me speak harshly.,guilt,stress spillover,accountability coaching,personal,"Acknowledge the tone, apologize, and commit to a calmer response next time.","Input: Work stress made me speak harshly. || Output: Acknowledge the tone, apologize, and commit to a calmer response next time."
BM00135,personal,wife,I feel excluded from important decisions.,hurt,trust issue,validation,personal,Feeling excluded is valid. Explain why shared decisions matter to you.,Input: I feel excluded from important decisions. || Output: Feeling excluded is valid. Explain why shared decisions matter to you.
BM00136,couple,both,We want to communicate better.,hope,none,positive reinforcement,shared,Great goal. Practice active listening and end with one action step.,Input: We want to communicate better. || Output: Great goal. Practice active listening and end with one action step.
BM00137,personal,husband,I miss how we used to talk calmly.,nostalgia,relationship distance,bonding suggestion,personal,Plan a calm activity together to rebuild connection.,Input: I miss how we used to talk calmly. || Output: Plan a calm activity together to rebuild connection.
BM00138,couple,both,One of us dominates the conversation.,frustration,communication imbalance,pattern reflection,shared,Use turn-taking to make the conversation fair.,Input: One of us dominates the conversation. || Output: Use turn-taking to make the conversation fair.
BM00139,personal,wife,Arguments make me anxious.,anxiety,anger escalation,calming strategy,personal,Take a short pause and use slow breathing before continuing.,Input: Arguments make me anxious. || Output: Take a short pause and use slow breathing before continuing.
BM00140,couple,both,We will listen without interrupting.,calm,argument control,action plan,shared,"Keep the rule simple: one speaks, one listens, then summarize.","Input: We will listen without interrupting. || Output: Keep the rule simple: one speaks, one listens, then summarize."
BM00141,personal,husband,I feel she does not listen when I try to explain.,sadness,communication gap,empathy,personal,Feeling ignored can hurt. Ask for a calm moment and state one specific need.,Input: I feel she does not listen when I try to explain. || Output: Feeling ignored can hurt. Ask for a calm moment and state one specific need.
BM00142,personal,wife,He gets defensive and I stop sharing.,frustration,defensive behavior,reflection,personal,You are noticing a pattern that blocks sharing. Pause and reset the tone before continuing.,Input: He gets defensive and I stop sharing. || Output: You are noticing a pattern that blocks sharing. Pause and reset the tone before continuing.
BM00143,couple,both,We keep arguing about the same issue.,frustration,recurring conflict,de-escalation,shared,This seems repeated. Focus on one issue and avoid past topics for now.,Input: We keep arguing about the same issue. || Output: This seems repeated. Focus on one issue and avoid past topics for now.
BM00144,personal,husband,Work stress made me speak harshly.,guilt,stress spillover,accountability coaching,personal,"Acknowledge the tone, apologize, and commit to a calmer response next time.","Input: Work stress made me speak harshly. || Output: Acknowledge the tone, apologize, and commit to a calmer response next time."
BM00145,personal,wife,I feel excluded from important decisions.,hurt,trust issue,validation,personal,Feeling excluded is valid. Explain why shared decisions matter to you.,Input: I feel excluded from important decisions. || Output: Feeling excluded is valid. Explain why shared decisions matter to you.
BM00146,couple,both,We want to communicate better.,hope,none,positive reinforcement,shared,Great goal. Practice active listening and end with one action step.,Input: We want to communicate better. || Output: Great goal. Practice active listening and end with one action step.
BM00147,personal,husband,I miss how we used to talk calmly.,nostalgia,relationship distance,bonding suggestion,personal,Share a positive memory to reopen safe communication.,Input: I miss how we used to talk calmly. || Output: Share a positive memory to reopen safe communication.
BM00148,couple,both,One of us dominates the conversation.,frustration,communication imbalance,pattern reflection,shared,Balance speaking time and reflect what you heard before replying.,Input: One of us dominates the conversation. || Output: Balance speaking time and reflect what you heard before replying.
BM00149,personal,wife,Arguments make me anxious.,anxiety,anger escalation,calming strategy,personal,Take a short pause and use slow breathing before continuing.,Input: Arguments make me anxious. || Output: Take a short pause and use slow breathing before continuing.
BM00150,couple,both,We will listen without interrupting.,calm,argument control,action plan,shared,"Keep the rule simple: one speaks, one listens, then summarize.","Input: We will listen without interrupting. || Output: Keep the rule simple: one speaks, one listens, then summarize."
BM00151,personal,husband,I feel she does not listen when I try to explain.,sadness,communication gap,empathy,personal,Feeling ignored can hurt. Ask for a calm moment and state one specific need.,Input: I feel she does not listen when I try to explain. || Output: Feeling ignored can hurt. Ask for a calm moment and state one specific need.
BM00152,personal,wife,He gets defensive and I stop sharing.,frustration,defensive behavior,reflection,personal,You are noticing a pattern that blocks sharing. Pause and reset the tone before continuing.,Input: He gets defensive and I stop sharing. || Output: You are noticing a pattern that blocks sharing. Pause and reset the tone before continuing.
BM00153,couple,both,We keep arguing about the same issue.,frustration,recurring conflict,de-escalation,shared,Slow the discussion and let each person speak fully before responding.,Input: We keep arguing about the same issue. || Output: Slow the discussion and let each person speak fully before responding.
BM00154,personal,husband,Work stress made me speak harshly.,guilt,stress spillover,accountability coaching,personal,Recognize your part and plan how to manage stress before conversations.,Input: Work stress made me speak harshly. || Output: Recognize your part and plan how to manage stress before conversations.
BM00155,personal,wife,I feel excluded from important decisions.,hurt,trust issue,validation,personal,Your concern is understandable. Ask for regular check-ins on decisions.,Input: I feel excluded from important decisions. || Output: Your concern is understandable. Ask for regular check-ins on decisions.
BM00156,couple,both,We want to communicate better.,hope,none,positive reinforcement,shared,Build on this by checking in regularly and keeping respect.,Input: We want to communicate better. || Output: Build on this by checking in regularly and keeping respect.
BM00157,personal,husband,I miss how we used to talk calmly.,nostalgia,relationship distance,bonding suggestion,personal,Plan a calm activity together to rebuild connection.,Input: I miss how we used to talk calmly. || Output: Plan a calm activity together to rebuild connection.
BM00158,couple,both,One of us dominates the conversation.,frustration,communication imbalance,pattern reflection,shared,Balance speaking time and reflect what you heard before replying.,Input: One of us dominates the conversation. || Output: Balance speaking time and reflect what you heard before replying.
BM00159,personal,wife,Arguments make me anxious.,anxiety,anger escalation,calming strategy,personal,Ask for a break if the tone escalates.,Input: Arguments make me anxious. || Output: Ask for a break if the tone escalates.
BM00160,couple,both,We will listen without interrupting.,calm,argument control,action plan,shared,"Use a small, clear plan and follow it consistently.","Input: We will listen without interrupting. || Output: Use a small, clear plan and follow it consistently."
BM00161,personal,husband,I feel she does not listen when I try to explain.,sadness,communication gap,empathy,personal,Feeling ignored can hurt. Ask for a calm moment and state one specific need.,Input: I feel she does not listen when I try to explain. || Output: Feeling ignored can hurt. Ask for a calm moment and state one specific need.
BM00162,personal,wife,He gets defensive and I stop sharing.,frustration,defensive behavior,reflection,personal,This pattern suggests tension. Try choosing a calmer time to talk.,Input: He gets defensive and I stop sharing. || Output: This pattern suggests tension. Try choosing a calmer time to talk.
BM00163,couple,both,We keep arguing about the same issue.,frustration,recurring conflict,de-escalation,shared,Slow the discussion and let each person speak fully before responding.,Input: We keep arguing about the same issue. || Output: Slow the discussion and let each person speak fully before responding.
BM00164,personal,husband,Work stress made me speak harshly.,guilt,stress spillover,accountability coaching,personal,"Acknowledge the tone, apologize, and commit to a calmer response next time.","Input: Work stress made me speak harshly. || Output: Acknowledge the tone, apologize, and commit to a calmer response next time."
BM00165,personal,wife,I feel excluded from important decisions.,hurt,trust issue,validation,personal,Feeling excluded is valid. Explain why shared decisions matter to you.,Input: I feel excluded from important decisions. || Output: Feeling excluded is valid. Explain why shared decisions matter to you.
BM00166,couple,both,We want to communicate better.,hope,none,positive reinforcement,shared,Great goal. Practice active listening and end with one action step.,Input: We want to communicate better. || Output: Great goal. Practice active listening and end with one action step.
BM00167,personal,husband,I miss how we used to talk calmly.,nostalgia,relationship distance,bonding suggestion,personal,Share a positive memory to reopen safe communication.,Input: I miss how we used to talk calmly. || Output: Share a positive memory to reopen safe communication.
BM00168,couple,both,One of us dominates the conversation.,frustration,communication imbalance,pattern reflection,shared,Use turn-taking to make the conversation fair.,Input: One of us dominates the conversation. || Output: Use turn-taking to make the conversation fair.
BM00169,personal,wife,Arguments make me anxious.,anxiety,anger escalation,calming strategy,personal,Ask for a break if the tone escalates.,Input: Arguments make me anxious. || Output: Ask for a break if the tone escalates.
BM00170,couple,both,We will listen without interrupting.,calm,argument control,action plan,shared,"Keep the rule simple: one speaks, one listens, then summarize.","Input: We will listen without interrupting. || Output: Keep the rule simple: one speaks, one listens, then summarize."
BM00171,personal,husband,I feel she does not listen when I try to explain.,sadness,communication gap,empathy,personal,It sounds like you feel unheard. Try expressing your needs calmly and clearly.,Input: I feel she does not listen when I try to explain. || Output: It sounds like you feel unheard. Try expressing your needs calmly and clearly.
BM00172,personal,wife,He gets defensive and I stop sharing.,frustration,defensive behavior,reflection,personal,You are noticing a pattern that blocks sharing. Pause and reset the tone before continuing.,Input: He gets defensive and I stop sharing. || Output: You are noticing a pattern that blocks sharing. Pause and reset the tone before continuing.
BM00173,couple,both,We keep arguing about the same issue.,frustration,recurring conflict,de-escalation,shared,Slow the discussion and let each person speak fully before responding.,Input: We keep arguing about the same issue. || Output: Slow the discussion and let each person speak fully before responding.
BM00174,personal,husband,Work stress made me speak harshly.,guilt,stress spillover,accountability coaching,personal,"Acknowledge the tone, apologize, and commit to a calmer response next time.","Input: Work stress made me speak harshly. || Output: Acknowledge the tone, apologize, and commit to a calmer response next time."
BM00175,personal,wife,I feel excluded from important decisions.,hurt,trust issue,validation,personal,Feeling excluded is valid. Explain why shared decisions matter to you.,Input: I feel excluded from important decisions. || Output: Feeling excluded is valid. Explain why shared decisions matter to you.
BM00176,couple,both,We want to communicate better.,hope,none,positive reinforcement,shared,Build on this by checking in regularly and keeping respect.,Input: We want to communicate better. || Output: Build on this by checking in regularly and keeping respect.
BM00177,personal,husband,I miss how we used to talk calmly.,nostalgia,relationship distance,bonding suggestion,personal,Plan a calm activity together to rebuild connection.,Input: I miss how we used to talk calmly. || Output: Plan a calm activity together to rebuild connection.
BM00178,couple,both,One of us dominates the conversation.,frustration,communication imbalance,pattern reflection,shared,Use turn-taking to make the conversation fair.,Input: One of us dominates the conversation. || Output: Use turn-taking to make the conversation fair.
BM00179,personal,wife,Arguments make me anxious.,anxiety,anger escalation,calming strategy,personal,Ask for a break if the tone escalates.,Input: Arguments make me anxious. || Output: Ask for a break if the tone escalates.
BM00180,couple,both,We will listen without interrupting.,calm,argument control,action plan,shared,"Keep the rule simple: one speaks, one listens, then summarize.","Input: We will listen without interrupting. || Output: Keep the rule simple: one speaks, one listens, then summarize."
BM00181,personal,husband,I feel she does not listen when I try to explain.,sadness,communication gap,empathy,personal,Feeling ignored can hurt. Ask for a calm moment and state one specific need.,Input: I feel she does not listen when I try to explain. || Output: Feeling ignored can hurt. Ask for a calm moment and state one specific need.
BM00182,personal,wife,He gets defensive and I stop sharing.,frustration,defensive behavior,reflection,personal,You are noticing a pattern that blocks sharing. Pause and reset the tone before continuing.,Input: He gets defensive and I stop sharing. || Output: You are noticing a pattern that blocks sharing. Pause and reset the tone before continuing.
BM00183,couple,both,We keep arguing about the same issue.,frustration,recurring conflict,de-escalation,shared,Slow the discussion and let each person speak fully before responding.,Input: We keep arguing about the same issue. || Output: Slow the discussion and let each person speak fully before responding.
BM00184,personal,husband,Work stress made me speak harshly.,guilt,stress spillover,accountability coaching,personal,"Acknowledge the tone, apologize, and commit to a calmer response next time.","Input: Work stress made me speak harshly. || Output: Acknowledge the tone, apologize, and commit to a calmer response next time."
BM00185,personal,wife,I feel excluded from important decisions.,hurt,trust issue,validation,personal,Feeling excluded is valid. Explain why shared decisions matter to you.,Input: I feel excluded from important decisions. || Output: Feeling excluded is valid. Explain why shared decisions matter to you.
BM00186,couple,both,We want to communicate better.,hope,none,positive reinforcement,shared,Great goal. Practice active listening and end with one action step.,Input: We want to communicate better. || Output: Great goal. Practice active listening and end with one action step.
BM00187,personal,husband,I miss how we used to talk calmly.,nostalgia,relationship distance,bonding suggestion,personal,Share a positive memory to reopen safe communication.,Input: I miss how we used to talk calmly. || Output: Share a positive memory to reopen safe communication.
BM00188,couple,both,One of us dominates the conversation.,frustration,communication imbalance,pattern reflection,shared,Balance speaking time and reflect what you heard before replying.,Input: One of us dominates the conversation. || Output: Balance speaking time and reflect what you heard before replying.
BM00189,personal,wife,Arguments make me anxious.,anxiety,anger escalation,calming strategy,personal,Take a short pause and use slow breathing before continuing.,Input: Arguments make me anxious. || Output: Take a short pause and use slow breathing before continuing.
BM00190,couple,both,We will listen without interrupting.,calm,argument control,action plan,shared,"Use a small, clear plan and follow it consistently.","Input: We will listen without interrupting. || Output: Use a small, clear plan and follow it consistently."
BM00191,personal,husband,I feel she does not listen when I try to explain.,sadness,communication gap,empathy,personal,Feeling ignored can hurt. Ask for a calm moment and state one specific need.,Input: I feel she does not listen when I try to explain. || Output: Feeling ignored can hurt. Ask for a calm moment and state one specific need.
BM00192,personal,wife,He gets defensive and I stop sharing.,frustration,defensive behavior,reflection,personal,You are noticing a pattern that blocks sharing. Pause and reset the tone before continuing.,Input: He gets defensive and I stop sharing. || Output: You are noticing a pattern that blocks sharing. Pause and reset the tone before continuing.
BM00193,couple,both,We keep arguing about the same issue.,frustration,recurring conflict,de-escalation,shared,This seems repeated. Focus on one issue and avoid past topics for now.,Input: We keep arguing about the same issue. || Output: This seems repeated. Focus on one issue and avoid past topics for now.
BM00194,personal,husband,Work stress made me speak harshly.,guilt,stress spillover,accountability coaching,personal,Recognize your part and plan how to manage stress before conversations.,Input: Work stress made me speak harshly. || Output: Recognize your part and plan how to manage stress before conversations.
BM00195,personal,wife,I feel excluded from important decisions.,hurt,trust issue,validation,personal,Your concern is understandable. Ask for regular check-ins on decisions.,Input: I feel excluded from important decisions. || Output: Your concern is understandable. Ask for regular check-ins on decisions.
BM00196,couple,both,We want to communicate better.,hope,none,positive reinforcement,shared,Build on this by checking in regularly and keeping respect.,Input: We want to communicate better. || Output: Build on this by checking in regularly and keeping respect.
BM00197,personal,husband,I miss how we used to talk calmly.,nostalgia,relationship distance,bonding suggestion,personal,Plan a calm activity together to rebuild connection.,Input: I miss how we used to talk calmly. || Output: Plan a calm activity together to rebuild connection.
BM00198,couple,both,One of us dominates the conversation.,frustration,communication imbalance,pattern reflection,shared,Use turn-taking to make the conversation fair.,Input: One of us dominates the conversation. || Output: Use turn-taking to make the conversation fair.
BM00199,personal,wife,Arguments make me anxious.,anxiety,anger escalation,calming strategy,personal,Ask for a break if the tone escalates.,Input: Arguments make me anxious. || Output: Ask for a break if the tone escalates.
BM00200,couple,both,We will listen without interrupting.,calm,argument control,action plan,shared,"Use a small, clear plan and follow it consistently.","Input: We will listen without interrupting. || Output: Use a small, clear plan and follow it consistently."
BM00201,personal,husband,I feel she does not listen when I try to explain.,sadness,communication gap,empathy,personal,Feeling ignored can hurt. Ask for a calm moment and state one specific need.,Input: I feel she does not listen when I try to explain. || Output: Feeling ignored can hurt. Ask for a calm moment and state one specific need.
BM00202,personal,wife,He gets defensive and I stop sharing.,frustration,defensive behavior,reflection,personal,You are noticing a pattern that blocks sharing. Pause and reset the tone before continuing.,Input: He gets defensive and I stop sharing. || Output: You are noticing a pattern that blocks sharing. Pause and reset the tone before continuing.
BM00203,couple,both,We keep arguing about the same issue.,frustration,recurring conflict,de-escalation,shared,This seems repeated. Focus on one issue and avoid past topics for now.,Input: We keep arguing about the same issue. || Output: This seems repeated. Focus on one issue and avoid past topics for now.
BM00204,personal,husband,Work stress made me speak harshly.,guilt,stress spillover,accountability coaching,personal,"Acknowledge the tone, apologize, and commit to a calmer response next time.","Input: Work stress made me speak harshly. || Output: Acknowledge the tone, apologize, and commit to a calmer response next time."
BM00205,personal,wife,I feel excluded from important decisions.,hurt,trust issue,validation,personal,Feeling excluded is valid. Explain why shared decisions matter to you.,Input: I feel excluded from important decisions. || Output: Feeling excluded is valid. Explain why shared decisions matter to you.
BM00206,couple,both,We want to communicate better.,hope,none,positive reinforcement,shared,Build on this by checking in regularly and keeping respect.,Input: We want to communicate better. || Output: Build on this by checking in regularly and keeping respect.
BM00207,personal,husband,I miss how we used to talk calmly.,nostalgia,relationship distance,bonding suggestion,personal,Plan a calm activity together to rebuild connection.,Input: I miss how we used to talk calmly. || Output: Plan a calm activity together to rebuild connection.
BM00208,couple,both,One of us dominates the conversation.,frustration,communication imbalance,pattern reflection,shared,Use turn-taking to make the conversation fair.,Input: One of us dominates the conversation. || Output: Use turn-taking to make the conversation fair.
BM00209,personal,wife,Arguments make me anxious.,anxiety,anger escalation,calming strategy,personal,Take a short pause and use slow breathing before continuing.,Input: Arguments make me anxious. || Output: Take a short pause and use slow breathing before continuing.
BM00210,couple,both,We will listen without interrupting.,calm,argument control,action plan,shared,"Use a small, clear plan and follow it consistently.","Input: We will listen without interrupting. || Output: Use a small, clear plan and follow it consistently."
BM00211,personal,husband,I feel she does not listen when I try to explain.,sadness,communication gap,empathy,personal,It sounds like you feel unheard. Try expressing your needs calmly and clearly.,Input: I feel she does not listen when I try to explain. || Output: It sounds like you feel unheard. Try expressing your needs calmly and clearly.
BM00212,personal,wife,He gets defensive and I stop sharing.,frustration,defensive behavior,reflection,personal,This pattern suggests tension. Try choosing a calmer time to talk.,Input: He gets defensive and I stop sharing. || Output: This pattern suggests tension. Try choosing a calmer time to talk.
BM00213,couple,both,We keep arguing about the same issue.,frustration,recurring conflict,de-escalation,shared,Slow the discussion and let each person speak fully before responding.,Input: We keep arguing about the same issue. || Output: Slow the discussion and let each person speak fully before responding.
BM00214,personal,husband,Work stress made me speak harshly.,guilt,stress spillover,accountability coaching,personal,"Acknowledge the tone, apologize, and commit to a calmer response next time.","Input: Work stress made me speak harshly. || Output: Acknowledge the tone, apologize, and commit to a calmer response next time."
BM00215,personal,wife,I feel excluded from important decisions.,hurt,trust issue,validation,personal,Feeling excluded is valid. Explain why shared decisions matter to you.,Input: I feel excluded from important decisions. || Output: Feeling excluded is valid. Explain why shared decisions matter to you.
BM00216,couple,both,We want to communicate better.,hope,none,positive reinforcement,shared,Build on this by checking in regularly and keeping respect.,Input: We want to communicate better. || Output: Build on this by checking in regularly and keeping respect.
BM00217,personal,husband,I miss how we used to talk calmly.,nostalgia,relationship distance,bonding suggestion,personal,Plan a calm activity together to rebuild connection.,Input: I miss how we used to talk calmly. || Output: Plan a calm activity together to rebuild connection.
BM00218,couple,both,One of us dominates the conversation.,frustration,communication imbalance,pattern reflection,shared,Use turn-taking to make the conversation fair.,Input: One of us dominates the conversation. || Output: Use turn-taking to make the conversation fair.
BM00219,personal,wife,Arguments make me anxious.,anxiety,anger escalation,calming strategy,personal,Take a short pause and use slow breathing before continuing.,Input: Arguments make me anxious. || Output: Take a short pause and use slow breathing before continuing.
BM00220,couple,both,We will listen without interrupting.,calm,argument control,action plan,shared,"Use a small, clear plan and follow it consistently.","Input: We will listen without interrupting. || Output: Use a small, clear plan and follow it consistently."
BM00221,personal,husband,I feel she does not listen when I try to explain.,sadness,communication gap,empathy,personal,Feeling ignored can hurt. Ask for a calm moment and state one specific need.,Input: I feel she does not listen when I try to explain. || Output: Feeling ignored can hurt. Ask for a calm moment and state one specific need.
BM00222,personal,wife,He gets defensive and I stop sharing.,frustration,defensive behavior,reflection,personal,You are noticing a pattern that blocks sharing. Pause and reset the tone before continuing.,Input: He gets defensive and I stop sharing. || Output: You are noticing a pattern that blocks sharing. Pause and reset the tone before continuing.
BM00223,couple,both,We keep arguing about the same issue.,frustration,recurring conflict,de-escalation,shared,Slow the discussion and let each person speak fully before responding.,Input: We keep arguing about the same issue. || Output: Slow the discussion and let each person speak fully before responding.
BM00224,personal,husband,Work stress made me speak harshly.,guilt,stress spillover,accountability coaching,personal,Recognize your part and plan how to manage stress before conversations.,Input: Work stress made me speak harshly. || Output: Recognize your part and plan how to manage stress before conversations.
BM00225,personal,wife,I feel excluded from important decisions.,hurt,trust issue,validation,personal,Your concern is understandable. Ask for regular check-ins on decisions.,Input: I feel excluded from important decisions. || Output: Your concern is understandable. Ask for regular check-ins on decisions.
BM00226,couple,both,We want to communicate better.,hope,none,positive reinforcement,shared,Great goal. Practice active listening and end with one action step.,Input: We want to communicate better. || Output: Great goal. Practice active listening and end with one action step.
BM00227,personal,husband,I miss how we used to talk calmly.,nostalgia,relationship distance,bonding suggestion,personal,Plan a calm activity together to rebuild connection.,Input: I miss how we used to talk calmly. || Output: Plan a calm activity together to rebuild connection.
BM00228,couple,both,One of us dominates the conversation.,frustration,communication imbalance,pattern reflection,shared,Balance speaking time and reflect what you heard before replying.,Input: One of us dominates the conversation. || Output: Balance speaking time and reflect what you heard before replying.
BM00229,personal,wife,Arguments make me anxious.,anxiety,anger escalation,calming strategy,personal,Take a short pause and use slow breathing before continuing.,Input: Arguments make me anxious. || Output: Take a short pause and use slow breathing before continuing.
BM00230,couple,both,We will listen without interrupting.,calm,argument control,action plan,shared,"Keep the rule simple: one speaks, one listens, then summarize.","Input: We will listen without interrupting. || Output: Keep the rule simple: one speaks, one listens, then summarize."
BM00231,personal,husband,I feel she does not listen when I try to explain.,sadness,communication gap,empathy,personal,It sounds like you feel unheard. Try expressing your needs calmly and clearly.,Input: I feel she does not listen when I try to explain. || Output: It sounds like you feel unheard. Try expressing your needs calmly and clearly.
BM00232,personal,wife,He gets defensive and I stop sharing.,frustration,defensive behavior,reflection,personal,This pattern suggests tension. Try choosing a calmer time to talk.,Input: He gets defensive and I stop sharing. || Output: This pattern suggests tension. Try choosing a calmer time to talk.
BM00233,couple,both,We keep arguing about the same issue.,frustration,recurring conflict,de-escalation,shared,This seems repeated. Focus on one issue and avoid past topics for now.,Input: We keep arguing about the same issue. || Output: This seems repeated. Focus on one issue and avoid past topics for now.
BM00234,personal,husband,Work stress made me speak harshly.,guilt,stress spillover,accountability coaching,personal,Recognize your part and plan how to manage stress before conversations.,Input: Work stress made me speak harshly. || Output: Recognize your part and plan how to manage stress before conversations.
BM00235,personal,wife,I feel excluded from important decisions.,hurt,trust issue,validation,personal,Your concern is understandable. Ask for regular check-ins on decisions.,Input: I feel excluded from important decisions. || Output: Your concern is understandable. Ask for regular check-ins on decisions.
BM00236,couple,both,We want to communicate better.,hope,none,positive reinforcement,shared,Great goal. Practice active listening and end with one action step.,Input: We want to communicate better. || Output: Great goal. Practice active listening and end with one action step.
BM00237,personal,husband,I miss how we used to talk calmly.,nostalgia,relationship distance,bonding suggestion,personal,Plan a calm activity together to rebuild connection.,Input: I miss how we used to talk calmly. || Output: Plan a calm activity together to rebuild connection.
BM00238,couple,both,One of us dominates the conversation.,frustration,communication imbalance,pattern reflection,shared,Balance speaking time and reflect what you heard before replying.,Input: One of us dominates the conversation. || Output: Balance speaking time and reflect what you heard before replying.
BM00239,personal,wife,Arguments make me anxious.,anxiety,anger escalation,calming strategy,personal,Take a short pause and use slow breathing before continuing.,Input: Arguments make me anxious. || Output: Take a short pause and use slow breathing before continuing.
BM00240,couple,both,We will listen without interrupting.,calm,argument control,action plan,shared,"Keep the rule simple: one speaks, one listens, then summarize.","Input: We will listen without interrupting. || Output: Keep the rule simple: one speaks, one listens, then summarize."
BM00241,personal,husband,I feel she does not listen when I try to explain.,sadness,communication gap,empathy,personal,It sounds like you feel unheard. Try expressing your needs calmly and clearly.,Input: I feel she does not listen when I try to explain. || Output: It sounds like you feel unheard. Try expressing your needs calmly and clearly.
BM00242,personal,wife,He gets defensive and I stop sharing.,frustration,defensive behavior,reflection,personal,This pattern suggests tension. Try choosing a calmer time to talk.,Input: He gets defensive and I stop sharing. || Output: This pattern suggests tension. Try choosing a calmer time to talk.
BM00243,couple,both,We keep arguing about the same issue.,frustration,recurring conflict,de-escalation,shared,This seems repeated. Focus on one issue and avoid past topics for now.,Input: We keep arguing about the same issue. || Output: This seems repeated. Focus on one issue and avoid past topics for now.
BM00244,personal,husband,Work stress made me speak harshly.,guilt,stress spillover,accountability coaching,personal,"Acknowledge the tone, apologize, and commit to a calmer response next time.","Input: Work stress made me speak harshly. || Output: Acknowledge the tone, apologize, and commit to a calmer response next time."
BM00245,personal,wife,I feel excluded from important decisions.,hurt,trust issue,validation,personal,Feeling excluded is valid. Explain why shared decisions matter to you.,Input: I feel excluded from important decisions. || Output: Feeling excluded is valid. Explain why shared decisions matter to you.
BM00246,couple,both,We want to communicate better.,hope,none,positive reinforcement,shared,Build on this by checking in regularly and keeping respect.,Input: We want to communicate better. || Output: Build on this by checking in regularly and keeping respect.
BM00247,personal,husband,I miss how we used to talk calmly.,nostalgia,relationship distance,bonding suggestion,personal,Plan a calm activity together to rebuild connection.,Input: I miss how we used to talk calmly. || Output: Plan a calm activity together to rebuild connection.
BM00248,couple,both,One of us dominates the conversation.,frustration,communication imbalance,pattern reflection,shared,Use turn-taking to make the conversation fair.,Input: One of us dominates the conversation. || Output: Use turn-taking to make the conversation fair.
BM00249,personal,wife,Arguments make me anxious.,anxiety,anger escalation,calming strategy,personal,Take a short pause and use slow breathing before continuing.,Input: Arguments make me anxious. || Output: Take a short pause and use slow breathing before continuing.
BM00250,couple,both,We will listen without interrupting.,calm,argument control,action plan,shared,"Use a small, clear plan and follow it consistently.","Input: We will listen without interrupting. || Output: Use a small, clear plan and follow it consistently."
BM00251,personal,husband,I feel she does not listen when I try to explain.,sadness,communication gap,empathy,personal,Feeling ignored can hurt. Ask for a calm moment and state one specific need.,Input: I feel she does not listen when I try to explain. || Output: Feeling ignored can hurt. Ask for a calm moment and state one specific need.
BM00252,personal,wife,He gets defensive and I stop sharing.,frustration,defensive behavior,reflection,personal,This pattern suggests tension. Try choosing a calmer time to talk.,Input: He gets defensive and I stop sharing. || Output: This pattern suggests tension. Try choosing a calmer time to talk.
BM00253,couple,both,We keep arguing about the same issue.,frustration,recurring conflict,de-escalation,shared,This seems repeated. Focus on one issue and avoid past topics for now.,Input: We keep arguing about the same issue. || Output: This seems repeated. Focus on one issue and avoid past topics for now.
BM00254,personal,husband,Work stress made me speak harshly.,guilt,stress spillover,accountability coaching,personal,"Acknowledge the tone, apologize, and commit to a calmer response next time.","Input: Work stress made me speak harshly. || Output: Acknowledge the tone, apologize, and commit to a calmer response next time."
BM00255,personal,wife,I feel excluded from important decisions.,hurt,trust issue,validation,personal,Your concern is understandable. Ask for regular check-ins on decisions.,Input: I feel excluded from important decisions. || Output: Your concern is understandable. Ask for regular check-ins on decisions.
BM00256,couple,both,We want to communicate better.,hope,none,positive reinforcement,shared,Build on this by checking in regularly and keeping respect.,Input: We want to communicate better. || Output: Build on this by checking in regularly and keeping respect.
BM00257,personal,husband,I miss how we used to talk calmly.,nostalgia,relationship distance,bonding suggestion,personal,Share a positive memory to reopen safe communication.,Input: I miss how we used to talk calmly. || Output: Share a positive memory to reopen safe communication.
BM00258,couple,both,One of us dominates the conversation.,frustration,communication imbalance,pattern reflection,shared,Balance speaking time and reflect what you heard before replying.,Input: One of us dominates the conversation. || Output: Balance speaking time and reflect what you heard before replying.
BM00259,personal,wife,Arguments make me anxious.,anxiety,anger escalation,calming strategy,personal,Take a short pause and use slow breathing before continuing.,Input: Arguments make me anxious. || Output: Take a short pause and use slow breathing before continuing.
BM00260,couple,both,We will listen without interrupting.,calm,argument control,action plan,shared,"Keep the rule simple: one speaks, one listens, then summarize.","Input: We will listen without interrupting. || Output: Keep the rule simple: one speaks, one listens, then summarize."
BM00261,personal,husband,I feel she does not listen when I try to explain.,sadness,communication gap,empathy,personal,Feeling ignored can hurt. Ask for a calm moment and state one specific need.,Input: I feel she does not listen when I try to explain. || Output: Feeling ignored can hurt. Ask for a calm moment and state one specific need.
BM00262,personal,wife,He gets defensive and I stop sharing.,frustration,defensive behavior,reflection,personal,You are noticing a pattern that blocks sharing. Pause and reset the tone before continuing.,Input: He gets defensive and I stop sharing. || Output: You are noticing a pattern that blocks sharing. Pause and reset the tone before continuing.
BM00263,couple,both,We keep arguing about the same issue.,frustration,recurring conflict,de-escalation,shared,This seems repeated. Focus on one issue and avoid past topics for now.,Input: We keep arguing about the same issue. || Output: This seems repeated. Focus on one issue and avoid past topics for now.
BM00264,personal,husband,Work stress made me speak harshly.,guilt,stress spillover,accountability coaching,personal,"Acknowledge the tone, apologize, and commit to a calmer response next time.","Input: Work stress made me speak harshly. || Output: Acknowledge the tone, apologize, and commit to a calmer response next time."
BM00265,personal,wife,I feel excluded from important decisions.,hurt,trust issue,validation,personal,Feeling excluded is valid. Explain why shared decisions matter to you.,Input: I feel excluded from important decisions. || Output: Feeling excluded is valid. Explain why shared decisions matter to you.
BM00266,couple,both,We want to communicate better.,hope,none,positive reinforcement,shared,Great goal. Practice active listening and end with one action step.,Input: We want to communicate better. || Output: Great goal. Practice active listening and end with one action step.
BM00267,personal,husband,I miss how we used to talk calmly.,nostalgia,relationship distance,bonding suggestion,personal,Share a positive memory to reopen safe communication.,Input: I miss how we used to talk calmly. || Output: Share a positive memory to reopen safe communication.
BM00268,couple,both,One of us dominates the conversation.,frustration,communication imbalance,pattern reflection,shared,Balance speaking time and reflect what you heard before replying.,Input: One of us dominates the conversation. || Output: Balance speaking time and reflect what you heard before replying.
BM00269,personal,wife,Arguments make me anxious.,anxiety,anger escalation,calming strategy,personal,Take a short pause and use slow breathing before continuing.,Input: Arguments make me anxious. || Output: Take a short pause and use slow breathing before continuing.
BM00270,couple,both,We will listen without interrupting.,calm,argument control,action plan,shared,"Use a small, clear plan and follow it consistently.","Input: We will listen without interrupting. || Output: Use a small, clear plan and follow it consistently."
BM00271,personal,husband,I feel she does not listen when I try to explain.,sadness,communication gap,empathy,personal,Feeling ignored can hurt. Ask for a calm moment and state one specific need.,Input: I feel she does not listen when I try to explain. || Output: Feeling ignored can hurt. Ask for a calm moment and state one specific need.
BM00272,personal,wife,He gets defensive and I stop sharing.,frustration,defensive behavior,reflection,personal,You are noticing a pattern that blocks sharing. Pause and reset the tone before continuing.,Input: He gets defensive and I stop sharing. || Output: You are noticing a pattern that blocks sharing. Pause and reset the tone before continuing.
BM00273,couple,both,We keep arguing about the same issue.,frustration,recurring conflict,de-escalation,shared,This seems repeated. Focus on one issue and avoid past topics for now.,Input: We keep arguing about the same issue. || Output: This seems repeated. Focus on one issue and avoid past topics for now.
BM00274,personal,husband,Work stress made me speak harshly.,guilt,stress spillover,accountability coaching,personal,"Acknowledge the tone, apologize, and commit to a calmer response next time.","Input: Work stress made me speak harshly. || Output: Acknowledge the tone, apologize, and commit to a calmer response next time."
BM00275,personal,wife,I feel excluded from important decisions.,hurt,trust issue,validation,personal,Feeling excluded is valid. Explain why shared decisions matter to you.,Input: I feel excluded from important decisions. || Output: Feeling excluded is valid. Explain why shared decisions matter to you.
BM00276,couple,both,We want to communicate better.,hope,none,positive reinforcement,shared,Build on this by checking in regularly and keeping respect.,Input: We want to communicate better. || Output: Build on this by checking in regularly and keeping respect.
BM00277,personal,husband,I miss how we used to talk calmly.,nostalgia,relationship distance,bonding suggestion,personal,Plan a calm activity together to rebuild connection.,Input: I miss how we used to talk calmly. || Output: Plan a calm activity together to rebuild connection.
BM00278,couple,both,One of us dominates the conversation.,frustration,communication imbalance,pattern reflection,shared,Balance speaking time and reflect what you heard before replying.,Input: One of us dominates the conversation. || Output: Balance speaking time and reflect what you heard before replying.
BM00279,personal,wife,Arguments make me anxious.,anxiety,anger escalation,calming strategy,personal,Ask for a break if the tone escalates.,Input: Arguments make me anxious. || Output: Ask for a break if the tone escalates.
BM00280,couple,both,We will listen without interrupting.,calm,argument control,action plan,shared,"Keep the rule simple: one speaks, one listens, then summarize.","Input: We will listen without interrupting. || Output: Keep the rule simple: one speaks, one listens, then summarize."
BM00281,personal,husband,I feel she does not listen when I try to explain.,sadness,communication gap,empathy,personal,It sounds like you feel unheard. Try expressing your needs calmly and clearly.,Input: I feel she does not listen when I try to explain. || Output: It sounds like you feel unheard. Try expressing your needs calmly and clearly.
BM00282,personal,wife,He gets defensive and I stop sharing.,frustration,defensive behavior,reflection,personal,This pattern suggests tension. Try choosing a calmer time to talk.,Input: He gets defensive and I stop sharing. || Output: This pattern suggests tension. Try choosing a calmer time to talk.
BM00283,couple,both,We keep arguing about the same issue.,frustration,recurring conflict,de-escalation,shared,Slow the discussion and let each person speak fully before responding.,Input: We keep arguing about the same issue. || Output: Slow the discussion and let each person speak fully before responding.
BM00284,personal,husband,Work stress made me speak harshly.,guilt,stress spillover,accountability coaching,personal,"Acknowledge the tone, apologize, and commit to a calmer response next time.","Input: Work stress made me speak harshly. || Output: Acknowledge the tone, apologize, and commit to a calmer response next time."
BM00285,personal,wife,I feel excluded from important decisions.,hurt,trust issue,validation,personal,Your concern is understandable. Ask for regular check-ins on decisions.,Input: I feel excluded from important decisions. || Output: Your concern is understandable. Ask for regular check-ins on decisions.
BM00286,couple,both,We want to communicate better.,hope,none,positive reinforcement,shared,Build on this by checking in regularly and keeping respect.,Input: We want to communicate better. || Output: Build on this by checking in regularly and keeping respect.
BM00287,personal,husband,I miss how we used to talk calmly.,nostalgia,relationship distance,bonding suggestion,personal,Share a positive memory to reopen safe communication.,Input: I miss how we used to talk calmly. || Output: Share a positive memory to reopen safe communication.
BM00288,couple,both,One of us dominates the conversation.,frustration,communication imbalance,pattern reflection,shared,Balance speaking time and reflect what you heard before replying.,Input: One of us dominates the conversation. || Output: Balance speaking time and reflect what you heard before replying.
BM00289,personal,wife,Arguments make me anxious.,anxiety,anger escalation,calming strategy,personal,Ask for a break if the tone escalates.,Input: Arguments make me anxious. || Output: Ask for a break if the tone escalates.
BM00290,couple,both,We will listen without interrupting.,calm,argument control,action plan,shared,"Keep the rule simple: one speaks, one listens, then summarize.","Input: We will listen without interrupting. || Output: Keep the rule simple: one speaks, one listens, then summarize."
BM00291,personal,husband,I feel she does not listen when I try to explain.,sadness,communication gap,empathy,personal,Feeling ignored can hurt. Ask for a calm moment and state one specific need.,Input: I feel she does not listen when I try to explain. || Output: Feeling ignored can hurt. Ask for a calm moment and state one specific need.
BM00292,personal,wife,He gets defensive and I stop sharing.,frustration,defensive behavior,reflection,personal,You are noticing a pattern that blocks sharing. Pause and reset the tone before continuing.,Input: He gets defensive and I stop sharing. || Output: You are noticing a pattern that blocks sharing. Pause and reset the tone before continuing.
BM00293,couple,both,We keep arguing about the same issue.,frustration,recurring conflict,de-escalation,shared,Slow the discussion and let each person speak fully before responding.,Input: We keep arguing about the same issue. || Output: Slow the discussion and let each person speak fully before responding.
BM00294,personal,husband,Work stress made me speak harshly.,guilt,stress spillover,accountability coaching,personal,"Acknowledge the tone, apologize, and commit to a calmer response next time.","Input: Work stress made me speak harshly. || Output: Acknowledge the tone, apologize, and commit to a calmer response next time."
BM00295,personal,wife,I feel excluded from important decisions.,hurt,trust issue,validation,personal,Your concern is understandable. Ask for regular check-ins on decisions.,Input: I feel excluded from important decisions. || Output: Your concern is understandable. Ask for regular check-ins on decisions.
BM00296,couple,both,We want to communicate better.,hope,none,positive reinforcement,shared,Build on this by checking in regularly and keeping respect.,Input: We want to communicate better. || Output: Build on this by checking in regularly and keeping respect.
BM00297,personal,husband,I miss how we used to talk calmly.,nostalgia,relationship distance,bonding suggestion,personal,Share a positive memory to reopen safe communication.,Input: I miss how we used to talk calmly. || Output: Share a positive memory to reopen safe communication.
BM00298,couple,both,One of us dominates the conversation.,frustration,communication imbalance,pattern reflection,shared,Balance speaking time and reflect what you heard before replying.,Input: One of us dominates the conversation. || Output: Balance speaking time and reflect what you heard before replying.
BM00299,personal,wife,Arguments make me anxious.,anxiety,anger escalation,calming strategy,personal,Take a short pause and use slow breathing before continuing.,Input: Arguments make me anxious. || Output: Take a short pause and use slow breathing before continuing.
BM00300,couple,both,We will listen without interrupting.,calm,argument control,action plan,shared,"Use a small, clear plan and follow it consistently.","Input: We will listen without interrupting. || Output: Use a small, clear plan and follow it consistently."
BM00301,personal,husband,I feel she does not listen when I try to explain.,sadness,communication gap,empathy,personal,It sounds like you feel unheard. Try expressing your needs calmly and clearly.,Input: I feel she does not listen when I try to explain. || Output: It sounds like you feel unheard. Try expressing your needs calmly and clearly.
BM00302,personal,wife,He gets defensive and I stop sharing.,frustration,defensive behavior,reflection,personal,You are noticing a pattern that blocks sharing. Pause and reset the tone before continuing.,Input: He gets defensive and I stop sharing. || Output: You are noticing a pattern that blocks sharing. Pause and reset the tone before continuing.
BM00303,couple,both,We keep arguing about the same issue.,frustration,recurring conflict,de-escalation,shared,Slow the discussion and let each person speak fully before responding.,Input: We keep arguing about the same issue. || Output: Slow the discussion and let each person speak fully before responding.
BM00304,personal,husband,Work stress made me speak harshly.,guilt,stress spillover,accountability coaching,personal,"Acknowledge the tone, apologize, and commit to a calmer response next time.","Input: Work stress made me speak harshly. || Output: Acknowledge the tone, apologize, and commit to a calmer response next time."
BM00305,personal,wife,I feel excluded from important decisions.,hurt,trust issue,validation,personal,Feeling excluded is valid. Explain why shared decisions matter to you.,Input: I feel excluded from important decisions. || Output: Feeling excluded is valid. Explain why shared decisions matter to you.
BM00306,couple,both,We want to communicate better.,hope,none,positive reinforcement,shared,Build on this by checking in regularly and keeping respect.,Input: We want to communicate better. || Output: Build on this by checking in regularly and keeping respect.
BM00307,personal,husband,I miss how we used to talk calmly.,nostalgia,relationship distance,bonding suggestion,personal,Plan a calm activity together to rebuild connection.,Input: I miss how we used to talk calmly. || Output: Plan a calm activity together to rebuild connection.
BM00308,couple,both,One of us dominates the conversation.,frustration,communication imbalance,pattern reflection,shared,Use turn-taking to make the conversation fair.,Input: One of us dominates the conversation. || Output: Use turn-taking to make the conversation fair.
BM00309,personal,wife,Arguments make me anxious.,anxiety,anger escalation,calming strategy,personal,Take a short pause and use slow breathing before continuing.,Input: Arguments make me anxious. || Output: Take a short pause and use slow breathing before continuing.
BM00310,couple,both,We will listen without interrupting.,calm,argument control,action plan,shared,"Use a small, clear plan and follow it consistently.","Input: We will listen without interrupting. || Output: Use a small, clear plan and follow it consistently."
BM00311,personal,husband,I feel she does not listen when I try to explain.,sadness,communication gap,empathy,personal,It sounds like you feel unheard. Try expressing your needs calmly and clearly.,Input: I feel she does not listen when I try to explain. || Output: It sounds like you feel unheard. Try expressing your needs calmly and clearly.
BM00312,personal,wife,He gets defensive and I stop sharing.,frustration,defensive behavior,reflection,personal,You are noticing a pattern that blocks sharing. Pause and reset the tone before continuing.,Input: He gets defensive and I stop sharing. || Output: You are noticing a pattern that blocks sharing. Pause and reset the tone before continuing.
BM00313,couple,both,We keep arguing about the same issue.,frustration,recurring conflict,de-escalation,shared,Slow the discussion and let each person speak fully before responding.,Input: We keep arguing about the same issue. || Output: Slow the discussion and let each person speak fully before responding.
BM00314,personal,husband,Work stress made me speak harshly.,guilt,stress spillover,accountability coaching,personal,Recognize your part and plan how to manage stress before conversations.,Input: Work stress made me speak harshly. || Output: Recognize your part and plan how to manage stress before conversations.
BM00315,personal,wife,I feel excluded from important decisions.,hurt,trust issue,validation,personal,Feeling excluded is valid. Explain why shared decisions matter to you.,Input: I feel excluded from important decisions. || Output: Feeling excluded is valid. Explain why shared decisions matter to you.
BM00316,couple,both,We want to communicate better.,hope,none,positive reinforcement,shared,Great goal. Practice active listening and end with one action step.,Input: We want to communicate better. || Output: Great goal. Practice active listening and end with one action step.
BM00317,personal,husband,I miss how we used to talk calmly.,nostalgia,relationship distance,bonding suggestion,personal,Plan a calm activity together to rebuild connection.,Input: I miss how we used to talk calmly. || Output: Plan a calm activity together to rebuild connection.
BM00318,couple,both,One of us dominates the conversation.,frustration,communication imbalance,pattern reflection,shared,Use turn-taking to make the conversation fair.,Input: One of us dominates the conversation. || Output: Use turn-taking to make the conversation fair.
BM00319,personal,wife,Arguments make me anxious.,anxiety,anger escalation,calming strategy,personal,Ask for a break if the tone escalates.,Input: Arguments make me anxious. || Output: Ask for a break if the tone escalates.
BM00320,couple,both,We will listen without interrupting.,calm,argument control,action plan,shared,"Use a small, clear plan and follow it consistently.","Input: We will listen without interrupting. || Output: Use a small, clear plan and follow it consistently."
BM00321,personal,husband,I feel she does not listen when I try to explain.,sadness,communication gap,empathy,personal,Feeling ignored can hurt. Ask for a calm moment and state one specific need.,Input: I feel she does not listen when I try to explain. || Output: Feeling ignored can hurt. Ask for a calm moment and state one specific need.
BM00322,personal,wife,He gets defensive and I stop sharing.,frustration,defensive behavior,reflection,personal,You are noticing a pattern that blocks sharing. Pause and reset the tone before continuing.,Input: He gets defensive and I stop sharing. || Output: You are noticing a pattern that blocks sharing. Pause and reset the tone before continuing.
BM00323,couple,both,We keep arguing about the same issue.,frustration,recurring conflict,de-escalation,shared,Slow the discussion and let each person speak fully before responding.,Input: We keep arguing about the same issue. || Output: Slow the discussion and let each person speak fully before responding.
BM00324,personal,husband,Work stress made me speak harshly.,guilt,stress spillover,accountability coaching,personal,Recognize your part and plan how to manage stress before conversations.,Input: Work stress made me speak harshly. || Output: Recognize your part and plan how to manage stress before conversations.
BM00325,personal,wife,I feel excluded from important decisions.,hurt,trust issue,validation,personal,Feeling excluded is valid. Explain why shared decisions matter to you.,Input: I feel excluded from important decisions. || Output: Feeling excluded is valid. Explain why shared decisions matter to you.
BM00326,couple,both,We want to communicate better.,hope,none,positive reinforcement,shared,Build on this by checking in regularly and keeping respect.,Input: We want to communicate better. || Output: Build on this by checking in regularly and keeping respect.
BM00327,personal,husband,I miss how we used to talk calmly.,nostalgia,relationship distance,bonding suggestion,personal,Plan a calm activity together to rebuild connection.,Input: I miss how we used to talk calmly. || Output: Plan a calm activity together to rebuild connection.
BM00328,couple,both,One of us dominates the conversation.,frustration,communication imbalance,pattern reflection,shared,Use turn-taking to make the conversation fair.,Input: One of us dominates the conversation. || Output: Use turn-taking to make the conversation fair.
BM00329,personal,wife,Arguments make me anxious.,anxiety,anger escalation,calming strategy,personal,Ask for a break if the tone escalates.,Input: Arguments make me anxious. || Output: Ask for a break if the tone escalates.
BM00330,couple,both,We will listen without interrupting.,calm,argument control,action plan,shared,"Use a small, clear plan and follow it consistently.","Input: We will listen without interrupting. || Output: Use a small, clear plan and follow it consistently."
BM00331,personal,husband,I feel she does not listen when I try to explain.,sadness,communication gap,empathy,personal,It sounds like you feel unheard. Try expressing your needs calmly and clearly.,Input: I feel she does not listen when I try to explain. || Output: It sounds like you feel unheard. Try expressing your needs calmly and clearly.
BM00332,personal,wife,He gets defensive and I stop sharing.,frustration,defensive behavior,reflection,personal,This pattern suggests tension. Try choosing a calmer time to talk.,Input: He gets defensive and I stop sharing. || Output: This pattern suggests tension. Try choosing a calmer time to talk.
BM00333,couple,both,We keep arguing about the same issue.,frustration,recurring conflict,de-escalation,shared,Slow the discussion and let each person speak fully before responding.,Input: We keep arguing about the same issue. || Output: Slow the discussion and let each person speak fully before responding.
BM00334,personal,husband,Work stress made me speak harshly.,guilt,stress spillover,accountability coaching,personal,Recognize your part and plan how to manage stress before conversations.,Input: Work stress made me speak harshly. || Output: Recognize your part and plan how to manage stress before conversations.
BM00335,personal,wife,I feel excluded from important decisions.,hurt,trust issue,validation,personal,Feeling excluded is valid. Explain why shared decisions matter to you.,Input: I feel excluded from important decisions. || Output: Feeling excluded is valid. Explain why shared decisions matter to you.
BM00336,couple,both,We want to communicate better.,hope,none,positive reinforcement,shared,Great goal. Practice active listening and end with one action step.,Input: We want to communicate better. || Output: Great goal. Practice active listening and end with one action step.
BM00337,personal,husband,I miss how we used to talk calmly.,nostalgia,relationship distance,bonding suggestion,personal,Plan a calm activity together to rebuild connection.,Input: I miss how we used to talk calmly. || Output: Plan a calm activity together to rebuild connection.
BM00338,couple,both,One of us dominates the conversation.,frustration,communication imbalance,pattern reflection,shared,Balance speaking time and reflect what you heard before replying.,Input: One of us dominates the conversation. || Output: Balance speaking time and reflect what you heard before replying.
BM00339,personal,wife,Arguments make me anxious.,anxiety,anger escalation,calming strategy,personal,Take a short pause and use slow breathing before continuing.,Input: Arguments make me anxious. || Output: Take a short pause and use slow breathing before continuing.
BM00340,couple,both,We will listen without interrupting.,calm,argument control,action plan,shared,"Use a small, clear plan and follow it consistently.","Input: We will listen without interrupting. || Output: Use a small, clear plan and follow it consistently."
BM00341,personal,husband,I feel she does not listen when I try to explain.,sadness,communication gap,empathy,personal,Feeling ignored can hurt. Ask for a calm moment and state one specific need.,Input: I feel she does not listen when I try to explain. || Output: Feeling ignored can hurt. Ask for a calm moment and state one specific need.
BM00342,personal,wife,He gets defensive and I stop sharing.,frustration,defensive behavior,reflection,personal,You are noticing a pattern that blocks sharing. Pause and reset the tone before continuing.,Input: He gets defensive and I stop sharing. || Output: You are noticing a pattern that blocks sharing. Pause and reset the tone before continuing.
BM00343,couple,both,We keep arguing about the same issue.,frustration,recurring conflict,de-escalation,shared,This seems repeated. Focus on one issue and avoid past topics for now.,Input: We keep arguing about the same issue. || Output: This seems repeated. Focus on one issue and avoid past topics for now.
BM00344,personal,husband,Work stress made me speak harshly.,guilt,stress spillover,accountability coaching,personal,Recognize your part and plan how to manage stress before conversations.,Input: Work stress made me speak harshly. || Output: Recognize your part and plan how to manage stress before conversations.
BM00345,personal,wife,I feel excluded from important decisions.,hurt,trust issue,validation,personal,Feeling excluded is valid. Explain why shared decisions matter to you.,Input: I feel excluded from important decisions. || Output: Feeling excluded is valid. Explain why shared decisions matter to you.
BM00346,couple,both,We want to communicate better.,hope,none,positive reinforcement,shared,Build on this by checking in regularly and keeping respect.,Input: We want to communicate better. || Output: Build on this by checking in regularly and keeping respect.
BM00347,personal,husband,I miss how we used to talk calmly.,nostalgia,relationship distance,bonding suggestion,personal,Share a positive memory to reopen safe communication.,Input: I miss how we used to talk calmly. || Output: Share a positive memory to reopen safe communication.
BM00348,couple,both,One of us dominates the conversation.,frustration,communication imbalance,pattern reflection,shared,Use turn-taking to make the conversation fair.,Input: One of us dominates the conversation. || Output: Use turn-taking to make the conversation fair.
BM00349,personal,wife,Arguments make me anxious.,anxiety,anger escalation,calming strategy,personal,Take a short pause and use slow breathing before continuing.,Input: Arguments make me anxious. || Output: Take a short pause and use slow breathing before continuing.
BM00350,couple,both,We will listen without interrupting.,calm,argument control,action plan,shared,"Use a small, clear plan and follow it consistently.","Input: We will listen without interrupting. || Output: Use a small, clear plan and follow it consistently."
BM00351,personal,husband,I feel she does not listen when I try to explain.,sadness,communication gap,empathy,personal,Feeling ignored can hurt. Ask for a calm moment and state one specific need.,Input: I feel she does not listen when I try to explain. || Output: Feeling ignored can hurt. Ask for a calm moment and state one specific need.
BM00352,personal,wife,He gets defensive and I stop sharing.,frustration,defensive behavior,reflection,personal,You are noticing a pattern that blocks sharing. Pause and reset the tone before continuing.,Input: He gets defensive and I stop sharing. || Output: You are noticing a pattern that blocks sharing. Pause and reset the tone before continuing.
BM00353,couple,both,We keep arguing about the same issue.,frustration,recurring conflict,de-escalation,shared,Slow the discussion and let each person speak fully before responding.,Input: We keep arguing about the same issue. || Output: Slow the discussion and let each person speak fully before responding.
BM00354,personal,husband,Work stress made me speak harshly.,guilt,stress spillover,accountability coaching,personal,"Acknowledge the tone, apologize, and commit to a calmer response next time.","Input: Work stress made me speak harshly. || Output: Acknowledge the tone, apologize, and commit to a calmer response next time."
BM00355,personal,wife,I feel excluded from important decisions.,hurt,trust issue,validation,personal,Feeling excluded is valid. Explain why shared decisions matter to you.,Input: I feel excluded from important decisions. || Output: Feeling excluded is valid. Explain why shared decisions matter to you.
BM00356,couple,both,We want to communicate better.,hope,none,positive reinforcement,shared,Build on this by checking in regularly and keeping respect.,Input: We want to communicate better. || Output: Build on this by checking in regularly and keeping respect.
BM00357,personal,husband,I miss how we used to talk calmly.,nostalgia,relationship distance,bonding suggestion,personal,Plan a calm activity together to rebuild connection.,Input: I miss how we used to talk calmly. || Output: Plan a calm activity together to rebuild connection.
BM00358,couple,both,One of us dominates the conversation.,frustration,communication imbalance,pattern reflection,shared,Use turn-taking to make the conversation fair.,Input: One of us dominates the conversation. || Output: Use turn-taking to make the conversation fair.
BM00359,personal,wife,Arguments make me anxious.,anxiety,anger escalation,calming strategy,personal,Take a short pause and use slow breathing before continuing.,Input: Arguments make me anxious. || Output: Take a short pause and use slow breathing before continuing.
BM00360,couple,both,We will listen without interrupting.,calm,argument control,action plan,shared,"Keep the rule simple: one speaks, one listens, then summarize.","Input: We will listen without interrupting. || Output: Keep the rule simple: one speaks, one listens, then summarize."
BM00361,personal,husband,I feel she does not listen when I try to explain.,sadness,communication gap,empathy,personal,Feeling ignored can hurt. Ask for a calm moment and state one specific need.,Input: I feel she does not listen when I try to explain. || Output: Feeling ignored can hurt. Ask for a calm moment and state one specific need.
BM00362,personal,wife,He gets defensive and I stop sharing.,frustration,defensive behavior,reflection,personal,You are noticing a pattern that blocks sharing. Pause and reset the tone before continuing.,Input: He gets defensive and I stop sharing. || Output: You are noticing a pattern that blocks sharing. Pause and reset the tone before continuing.
BM00363,couple,both,We keep arguing about the same issue.,frustration,recurring conflict,de-escalation,shared,This seems repeated. Focus on one issue and avoid past topics for now.,Input: We keep arguing about the same issue. || Output: This seems repeated. Focus on one issue and avoid past topics for now.
BM00364,personal,husband,Work stress made me speak harshly.,guilt,stress spillover,accountability coaching,personal,"Acknowledge the tone, apologize, and commit to a calmer response next time.","Input: Work stress made me speak harshly. || Output: Acknowledge the tone, apologize, and commit to a calmer response next time."
BM00365,personal,wife,I feel excluded from important decisions.,hurt,trust issue,validation,personal,Your concern is understandable. Ask for regular check-ins on decisions.,Input: I feel excluded from important decisions. || Output: Your concern is understandable. Ask for regular check-ins on decisions.
BM00366,couple,both,We want to communicate better.,hope,none,positive reinforcement,shared,Great goal. Practice active listening and end with one action step.,Input: We want to communicate better. || Output: Great goal. Practice active listening and end with one action step.
BM00367,personal,husband,I miss how we used to talk calmly.,nostalgia,relationship distance,bonding suggestion,personal,Share a positive memory to reopen safe communication.,Input: I miss how we used to talk calmly. || Output: Share a positive memory to reopen safe communication.
BM00368,couple,both,One of us dominates the conversation.,frustration,communication imbalance,pattern reflection,shared,Balance speaking time and reflect what you heard before replying.,Input: One of us dominates the conversation. || Output: Balance speaking time and reflect what you heard before replying.
BM00369,personal,wife,Arguments make me anxious.,anxiety,anger escalation,calming strategy,personal,Ask for a break if the tone escalates.,Input: Arguments make me anxious. || Output: Ask for a break if the tone escalates.
BM00370,couple,both,We will listen without interrupting.,calm,argument control,action plan,shared,"Use a small, clear plan and follow it consistently.","Input: We will listen without interrupting. || Output: Use a small, clear plan and follow it consistently."
BM00371,personal,husband,I feel she does not listen when I try to explain.,sadness,communication gap,empathy,personal,Feeling ignored can hurt. Ask for a calm moment and state one specific need.,Input: I feel she does not listen when I try to explain. || Output: Feeling ignored can hurt. Ask for a calm moment and state one specific need.
BM00372,personal,wife,He gets defensive and I stop sharing.,frustration,defensive behavior,reflection,personal,You are noticing a pattern that blocks sharing. Pause and reset the tone before continuing.,Input: He gets defensive and I stop sharing. || Output: You are noticing a pattern that blocks sharing. Pause and reset the tone before continuing.
BM00373,couple,both,We keep arguing about the same issue.,frustration,recurring conflict,de-escalation,shared,This seems repeated. Focus on one issue and avoid past topics for now.,Input: We keep arguing about the same issue. || Output: This seems repeated. Focus on one issue and avoid past topics for now.
BM00374,personal,husband,Work stress made me speak harshly.,guilt,stress spillover,accountability coaching,personal,"Acknowledge the tone, apologize, and commit to a calmer response next time.","Input: Work stress made me speak harshly. || Output: Acknowledge the tone, apologize, and commit to a calmer response next time."
BM00375,personal,wife,I feel excluded from important decisions.,hurt,trust issue,validation,personal,Feeling excluded is valid. Explain why shared decisions matter to you.,Input: I feel excluded from important decisions. || Output: Feeling excluded is valid. Explain why shared decisions matter to you.
BM00376,couple,both,We want to communicate better.,hope,none,positive reinforcement,shared,Great goal. Practice active listening and end with one action step.,Input: We want to communicate better. || Output: Great goal. Practice active listening and end with one action step.
BM00377,personal,husband,I miss how we used to talk calmly.,nostalgia,relationship distance,bonding suggestion,personal,Share a positive memory to reopen safe communication.,Input: I miss how we used to talk calmly. || Output: Share a positive memory to reopen safe communication.
BM00378,couple,both,One of us dominates the conversation.,frustration,communication imbalance,pattern reflection,shared,Balance speaking time and reflect what you heard before replying.,Input: One of us dominates the conversation. || Output: Balance speaking time and reflect what you heard before replying.
BM00379,personal,wife,Arguments make me anxious.,anxiety,anger escalation,calming strategy,personal,Take a short pause and use slow breathing before continuing.,Input: Arguments make me anxious. || Output: Take a short pause and use slow breathing before continuing.
BM00380,couple,both,We will listen without interrupting.,calm,argument control,action plan,shared,"Keep the rule simple: one speaks, one listens, then summarize.","Input: We will listen without interrupting. || Output: Keep the rule simple: one speaks, one listens, then summarize."
BM00381,personal,husband,I feel she does not listen when I try to explain.,sadness,communication gap,empathy,personal,Feeling ignored can hurt. Ask for a calm moment and state one specific need.,Input: I feel she does not listen when I try to explain. || Output: Feeling ignored can hurt. Ask for a calm moment and state one specific need.
BM00382,personal,wife,He gets defensive and I stop sharing.,frustration,defensive behavior,reflection,personal,This pattern suggests tension. Try choosing a calmer time to talk.,Input: He gets defensive and I stop sharing. || Output: This pattern suggests tension. Try choosing a calmer time to talk.
BM00383,couple,both,We keep arguing about the same issue.,frustration,recurring conflict,de-escalation,shared,This seems repeated. Focus on one issue and avoid past topics for now.,Input: We keep arguing about the same issue. || Output: This seems repeated. Focus on one issue and avoid past topics for now.
BM00384,personal,husband,Work stress made me speak harshly.,guilt,stress spillover,accountability coaching,personal,Recognize your part and plan how to manage stress before conversations.,Input: Work stress made me speak harshly. || Output: Recognize your part and plan how to manage stress before conversations.
BM00385,personal,wife,I feel excluded from important decisions.,hurt,trust issue,validation,personal,Your concern is understandable. Ask for regular check-ins on decisions.,Input: I feel excluded from important decisions. || Output: Your concern is understandable. Ask for regular check-ins on decisions.
BM00386,couple,both,We want to communicate better.,hope,none,positive reinforcement,shared,Great goal. Practice active listening and end with one action step.,Input: We want to communicate better. || Output: Great goal. Practice active listening and end with one action step.
BM00387,personal,husband,I miss how we used to talk calmly.,nostalgia,relationship distance,bonding suggestion,personal,Share a positive memory to reopen safe communication.,Input: I miss how we used to talk calmly. || Output: Share a positive memory to reopen safe communication.
BM00388,couple,both,One of us dominates the conversation.,frustration,communication imbalance,pattern reflection,shared,Use turn-taking to make the conversation fair.,Input: One of us dominates the conversation. || Output: Use turn-taking to make the conversation fair.
BM00389,personal,wife,Arguments make me anxious.,anxiety,anger escalation,calming strategy,personal,Take a short pause and use slow breathing before continuing.,Input: Arguments make me anxious. || Output: Take a short pause and use slow breathing before continuing.
BM00390,couple,both,We will listen without interrupting.,calm,argument control,action plan,shared,"Use a small, clear plan and follow it consistently.","Input: We will listen without interrupting. || Output: Use a small, clear plan and follow it consistently."
BM00391,personal,husband,I feel she does not listen when I try to explain.,sadness,communication gap,empathy,personal,It sounds like you feel unheard. Try expressing your needs calmly and clearly.,Input: I feel she does not listen when I try to explain. || Output: It sounds like you feel unheard. Try expressing your needs calmly and clearly.
BM00392,personal,wife,He gets defensive and I stop sharing.,frustration,defensive behavior,reflection,personal,You are noticing a pattern that blocks sharing. Pause and reset the tone before continuing.,Input: He gets defensive and I stop sharing. || Output: You are noticing a pattern that blocks sharing. Pause and reset the tone before continuing.
BM00393,couple,both,We keep arguing about the same issue.,frustration,recurring conflict,de-escalation,shared,This seems repeated. Focus on one issue and avoid past topics for now.,Input: We keep arguing about the same issue. || Output: This seems repeated. Focus on one issue and avoid past topics for now.
BM00394,personal,husband,Work stress made me speak harshly.,guilt,stress spillover,accountability coaching,personal,"Acknowledge the tone, apologize, and commit to a calmer response next time.","Input: Work stress made me speak harshly. || Output: Acknowledge the tone, apologize, and commit to a calmer response next time."
BM00395,personal,wife,I feel excluded from important decisions.,hurt,trust issue,validation,personal,Your concern is understandable. Ask for regular check-ins on decisions.,Input: I feel excluded from important decisions. || Output: Your concern is understandable. Ask for regular check-ins on decisions.
BM00396,couple,both,We want to communicate better.,hope,none,positive reinforcement,shared,Great goal. Practice active listening and end with one action step.,Input: We want to communicate better. || Output: Great goal. Practice active listening and end with one action step.
BM00397,personal,husband,I miss how we used to talk calmly.,nostalgia,relationship distance,bonding suggestion,personal,Share a positive memory to reopen safe communication.,Input: I miss how we used to talk calmly. || Output: Share a positive memory to reopen safe communication.
BM00398,couple,both,One of us dominates the conversation.,frustration,communication imbalance,pattern reflection,shared,Balance speaking time and reflect what you heard before replying.,Input: One of us dominates the conversation. || Output: Balance speaking time and reflect what you heard before replying.
BM00399,personal,wife,Arguments make me anxious.,anxiety,anger escalation,calming strategy,personal,Ask for a break if the tone escalates.,Input: Arguments make me anxious. || Output: Ask for a break if the tone escalates.
BM00400,couple,both,We will listen without interrupting.,calm,argument control,action plan,shared,"Use a small, clear plan and follow it consistently.","Input: We will listen without interrupting. || Output: Use a small, clear plan and follow it consistently."
BM00401,personal,husband,I feel she does not listen when I try to explain.,sadness,communication gap,empathy,personal,Feeling ignored can hurt. Ask for a calm moment and state one specific need.,Input: I feel she does not listen when I try to explain. || Output: Feeling ignored can hurt. Ask for a calm moment and state one specific need.
BM00402,personal,wife,He gets defensive and I stop sharing.,frustration,defensive behavior,reflection,personal,This pattern suggests tension. Try choosing a calmer time to talk.,Input: He gets defensive and I stop sharing. || Output: This pattern suggests tension. Try choosing a calmer time to talk.
BM00403,couple,both,We keep arguing about the same issue.,frustration,recurring conflict,de-escalation,shared,This seems repeated. Focus on one issue and avoid past topics for now.,Input: We keep arguing about the same issue. || Output: This seems repeated. Focus on one issue and avoid past topics for now.
BM00404,personal,husband,Work stress made me speak harshly.,guilt,stress spillover,accountability coaching,personal,"Acknowledge the tone, apologize, and commit to a calmer response next time.","Input: Work stress made me speak harshly. || Output: Acknowledge the tone, apologize, and commit to a calmer response next time."
BM00405,personal,wife,I feel excluded from important decisions.,hurt,trust issue,validation,personal,Your concern is understandable. Ask for regular check-ins on decisions.,Input: I feel excluded from important decisions. || Output: Your concern is understandable. Ask for regular check-ins on decisions.
BM00406,couple,both,We want to communicate better.,hope,none,positive reinforcement,shared,Great goal. Practice active listening and end with one action step.,Input: We want to communicate better. || Output: Great goal. Practice active listening and end with one action step.
BM00407,personal,husband,I miss how we used to talk calmly.,nostalgia,relationship distance,bonding suggestion,personal,Plan a calm activity together to rebuild connection.,Input: I miss how we used to talk calmly. || Output: Plan a calm activity together to rebuild connection.
BM00408,couple,both,One of us dominates the conversation.,frustration,communication imbalance,pattern reflection,shared,Use turn-taking to make the conversation fair.,Input: One of us dominates the conversation. || Output: Use turn-taking to make the conversation fair.
BM00409,personal,wife,Arguments make me anxious.,anxiety,anger escalation,calming strategy,personal,Ask for a break if the tone escalates.,Input: Arguments make me anxious. || Output: Ask for a break if the tone escalates.
BM00410,couple,both,We will listen without interrupting.,calm,argument control,action plan,shared,"Keep the rule simple: one speaks, one listens, then summarize.","Input: We will listen without interrupting. || Output: Keep the rule simple: one speaks, one listens, then summarize."
BM00411,personal,husband,I feel she does not listen when I try to explain.,sadness,communication gap,empathy,personal,It sounds like you feel unheard. Try expressing your needs calmly and clearly.,Input: I feel she does not listen when I try to explain. || Output: It sounds like you feel unheard. Try expressing your needs calmly and clearly.
BM00412,personal,wife,He gets defensive and I stop sharing.,frustration,defensive behavior,reflection,personal,You are noticing a pattern that blocks sharing. Pause and reset the tone before continuing.,Input: He gets defensive and I stop sharing. || Output: You are noticing a pattern that blocks sharing. Pause and reset the tone before continuing.
BM00413,couple,both,We keep arguing about the same issue.,frustration,recurring conflict,de-escalation,shared,This seems repeated. Focus on one issue and avoid past topics for now.,Input: We keep arguing about the same issue. || Output: This seems repeated. Focus on one issue and avoid past topics for now.
BM00414,personal,husband,Work stress made me speak harshly.,guilt,stress spillover,accountability coaching,personal,Recognize your part and plan how to manage stress before conversations.,Input: Work stress made me speak harshly. || Output: Recognize your part and plan how to manage stress before conversations.
BM00415,personal,wife,I feel excluded from important decisions.,hurt,trust issue,validation,personal,Your concern is understandable. Ask for regular check-ins on decisions.,Input: I feel excluded from important decisions. || Output: Your concern is understandable. Ask for regular check-ins on decisions.
BM00416,couple,both,We want to communicate better.,hope,none,positive reinforcement,shared,Great goal. Practice active listening and end with one action step.,Input: We want to communicate better. || Output: Great goal. Practice active listening and end with one action step.
BM00417,personal,husband,I miss how we used to talk calmly.,nostalgia,relationship distance,bonding suggestion,personal,Plan a calm activity together to rebuild connection.,Input: I miss how we used to talk calmly. || Output: Plan a calm activity together to rebuild connection.
BM00418,couple,both,One of us dominates the conversation.,frustration,communication imbalance,pattern reflection,shared,Balance speaking time and reflect what you heard before replying.,Input: One of us dominates the conversation. || Output: Balance speaking time and reflect what you heard before replying.
BM00419,personal,wife,Arguments make me anxious.,anxiety,anger escalation,calming strategy,personal,Ask for a break if the tone escalates.,Input: Arguments make me anxious. || Output: Ask for a break if the tone escalates.
BM00420,couple,both,We will listen without interrupting.,calm,argument control,action plan,shared,"Use a small, clear plan and follow it consistently.","Input: We will listen without interrupting. || Output: Use a small, clear plan and follow it consistently."
BM00421,personal,husband,I feel she does not listen when I try to explain.,sadness,communication gap,empathy,personal,It sounds like you feel unheard. Try expressing your needs calmly and clearly.,Input: I feel she does not listen when I try to explain. || Output: It sounds like you feel unheard. Try expressing your needs calmly and clearly.
BM00422,personal,wife,He gets defensive and I stop sharing.,frustration,defensive behavior,reflection,personal,This pattern suggests tension. Try choosing a calmer time to talk.,Input: He gets defensive and I stop sharing. || Output: This pattern suggests tension. Try choosing a calmer time to talk.
BM00423,couple,both,We keep arguing about the same issue.,frustration,recurring conflict,de-escalation,shared,This seems repeated. Focus on one issue and avoid past topics for now.,Input: We keep arguing about the same issue. || Output: This seems repeated. Focus on one issue and avoid past topics for now.
BM00424,personal,husband,Work stress made me speak harshly.,guilt,stress spillover,accountability coaching,personal,Recognize your part and plan how to manage stress before conversations.,Input: Work stress made me speak harshly. || Output: Recognize your part and plan how to manage stress before conversations.
BM00425,personal,wife,I feel excluded from important decisions.,hurt,trust issue,validation,personal,Feeling excluded is valid. Explain why shared decisions matter to you.,Input: I feel excluded from important decisions. || Output: Feeling excluded is valid. Explain why shared decisions matter to you.
BM00426,couple,both,We want to communicate better.,hope,none,positive reinforcement,shared,Great goal. Practice active listening and end with one action step.,Input: We want to communicate better. || Output: Great goal. Practice active listening and end with one action step.
BM00427,personal,husband,I miss how we used to talk calmly.,nostalgia,relationship distance,bonding suggestion,personal,Share a positive memory to reopen safe communication.,Input: I miss how we used to talk calmly. || Output: Share a positive memory to reopen safe communication.
BM00428,couple,both,One of us dominates the conversation.,frustration,communication imbalance,pattern reflection,shared,Use turn-taking to make the conversation fair.,Input: One of us dominates the conversation. || Output: Use turn-taking to make the conversation fair.
BM00429,personal,wife,Arguments make me anxious.,anxiety,anger escalation,calming strategy,personal,Take a short pause and use slow breathing before continuing.,Input: Arguments make me anxious. || Output: Take a short pause and use slow breathing before continuing.
BM00430,couple,both,We will listen without interrupting.,calm,argument control,action plan,shared,"Use a small, clear plan and follow it consistently.","Input: We will listen without interrupting. || Output: Use a small, clear plan and follow it consistently."
BM00431,personal,husband,I feel she does not listen when I try to explain.,sadness,communication gap,empathy,personal,Feeling ignored can hurt. Ask for a calm moment and state one specific need.,Input: I feel she does not listen when I try to explain. || Output: Feeling ignored can hurt. Ask for a calm moment and state one specific need.
BM00432,personal,wife,He gets defensive and I stop sharing.,frustration,defensive behavior,reflection,personal,This pattern suggests tension. Try choosing a calmer time to talk.,Input: He gets defensive and I stop sharing. || Output: This pattern suggests tension. Try choosing a calmer time to talk.
BM00433,couple,both,We keep arguing about the same issue.,frustration,recurring conflict,de-escalation,shared,Slow the discussion and let each person speak fully before responding.,Input: We keep arguing about the same issue. || Output: Slow the discussion and let each person speak fully before responding.
BM00434,personal,husband,Work stress made me speak harshly.,guilt,stress spillover,accountability coaching,personal,"Acknowledge the tone, apologize, and commit to a calmer response next time.","Input: Work stress made me speak harshly. || Output: Acknowledge the tone, apologize, and commit to a calmer response next time."
BM00435,personal,wife,I feel excluded from important decisions.,hurt,trust issue,validation,personal,Feeling excluded is valid. Explain why shared decisions matter to you.,Input: I feel excluded from important decisions. || Output: Feeling excluded is valid. Explain why shared decisions matter to you.
BM00436,couple,both,We want to communicate better.,hope,none,positive reinforcement,shared,Build on this by checking in regularly and keeping respect.,Input: We want to communicate better. || Output: Build on this by checking in regularly and keeping respect.
BM00437,personal,husband,I miss how we used to talk calmly.,nostalgia,relationship distance,bonding suggestion,personal,Plan a calm activity together to rebuild connection.,Input: I miss how we used to talk calmly. || Output: Plan a calm activity together to rebuild connection.
BM00438,couple,both,One of us dominates the conversation.,frustration,communication imbalance,pattern reflection,shared,Use turn-taking to make the conversation fair.,Input: One of us dominates the conversation. || Output: Use turn-taking to make the conversation fair.
BM00439,personal,wife,Arguments make me anxious.,anxiety,anger escalation,calming strategy,personal,Take a short pause and use slow breathing before continuing.,Input: Arguments make me anxious. || Output: Take a short pause and use slow breathing before continuing.
BM00440,couple,both,We will listen without interrupting.,calm,argument control,action plan,shared,"Keep the rule simple: one speaks, one listens, then summarize.","Input: We will listen without interrupting. || Output: Keep the rule simple: one speaks, one listens, then summarize."
BM00441,personal,husband,I feel she does not listen when I try to explain.,sadness,communication gap,empathy,personal,Feeling ignored can hurt. Ask for a calm moment and state one specific need.,Input: I feel she does not listen when I try to explain. || Output: Feeling ignored can hurt. Ask for a calm moment and state one specific need.
BM00442,personal,wife,He gets defensive and I stop sharing.,frustration,defensive behavior,reflection,personal,This pattern suggests tension. Try choosing a calmer time to talk.,Input: He gets defensive and I stop sharing. || Output: This pattern suggests tension. Try choosing a calmer time to talk.
BM00443,couple,both,We keep arguing about the same issue.,frustration,recurring conflict,de-escalation,shared,This seems repeated. Focus on one issue and avoid past topics for now.,Input: We keep arguing about the same issue. || Output: This seems repeated. Focus on one issue and avoid past topics for now.
BM00444,personal,husband,Work stress made me speak harshly.,guilt,stress spillover,accountability coaching,personal,Recognize your part and plan how to manage stress before conversations.,Input: Work stress made me speak harshly. || Output: Recognize your part and plan how to manage stress before conversations.
BM00445,personal,wife,I feel excluded from important decisions.,hurt,trust issue,validation,personal,Your concern is understandable. Ask for regular check-ins on decisions.,Input: I feel excluded from important decisions. || Output: Your concern is understandable. Ask for regular check-ins on decisions.
BM00446,couple,both,We want to communicate better.,hope,none,positive reinforcement,shared,Great goal. Practice active listening and end with one action step.,Input: We want to communicate better. || Output: Great goal. Practice active listening and end with one action step.
BM00447,personal,husband,I miss how we used to talk calmly.,nostalgia,relationship distance,bonding suggestion,personal,Plan a calm activity together to rebuild connection.,Input: I miss how we used to talk calmly. || Output: Plan a calm activity together to rebuild connection.
BM00448,couple,both,One of us dominates the conversation.,frustration,communication imbalance,pattern reflection,shared,Balance speaking time and reflect what you heard before replying.,Input: One of us dominates the conversation. || Output: Balance speaking time and reflect what you heard before replying.
BM00449,personal,wife,Arguments make me anxious.,anxiety,anger escalation,calming strategy,personal,Take a short pause and use slow breathing before continuing.,Input: Arguments make me anxious. || Output: Take a short pause and use slow breathing before continuing.
BM00450,couple,both,We will listen without interrupting.,calm,argument control,action plan,shared,"Use a small, clear plan and follow it consistently.","Input: We will listen without interrupting. || Output: Use a small, clear plan and follow it consistently."
BM00451,personal,husband,I feel she does not listen when I try to explain.,sadness,communication gap,empathy,personal,It sounds like you feel unheard. Try expressing your needs calmly and clearly.,Input: I feel she does not listen when I try to explain. || Output: It sounds like you feel unheard. Try expressing your needs calmly and clearly.
BM00452,personal,wife,He gets defensive and I stop sharing.,frustration,defensive behavior,reflection,personal,You are noticing a pattern that blocks sharing. Pause and reset the tone before continuing.,Input: He gets defensive and I stop sharing. || Output: You are noticing a pattern that blocks sharing. Pause and reset the tone before continuing.
BM00453,couple,both,We keep arguing about the same issue.,frustration,recurring conflict,de-escalation,shared,Slow the discussion and let each person speak fully before responding.,Input: We keep arguing about the same issue. || Output: Slow the discussion and let each person speak fully before responding.
BM00454,personal,husband,Work stress made me speak harshly.,guilt,stress spillover,accountability coaching,personal,"Acknowledge the tone, apologize, and commit to a calmer response next time.","Input: Work stress made me speak harshly. || Output: Acknowledge the tone, apologize, and commit to a calmer response next time."
BM00455,personal,wife,I feel excluded from important decisions.,hurt,trust issue,validation,personal,Your concern is understandable. Ask for regular check-ins on decisions.,Input: I feel excluded from important decisions. || Output: Your concern is understandable. Ask for regular check-ins on decisions.
BM00456,couple,both,We want to communicate better.,hope,none,positive reinforcement,shared,Great goal. Practice active listening and end with one action step.,Input: We want to communicate better. || Output: Great goal. Practice active listening and end with one action step.
BM00457,personal,husband,I miss how we used to talk calmly.,nostalgia,relationship distance,bonding suggestion,personal,Share a positive memory to reopen safe communication.,Input: I miss how we used to talk calmly. || Output: Share a positive memory to reopen safe communication.
BM00458,couple,both,One of us dominates the conversation.,frustration,communication imbalance,pattern reflection,shared,Use turn-taking to make the conversation fair.,Input: One of us dominates the conversation. || Output: Use turn-taking to make the conversation fair.
BM00459,personal,wife,Arguments make me anxious.,anxiety,anger escalation,calming strategy,personal,Take a short pause and use slow breathing before continuing.,Input: Arguments make me anxious. || Output: Take a short pause and use slow breathing before continuing.
BM00460,couple,both,We will listen without interrupting.,calm,argument control,action plan,shared,"Keep the rule simple: one speaks, one listens, then summarize.","Input: We will listen without interrupting. || Output: Keep the rule simple: one speaks, one listens, then summarize."
BM00461,personal,husband,I feel she does not listen when I try to explain.,sadness,communication gap,empathy,personal,It sounds like you feel unheard. Try expressing your needs calmly and clearly.,Input: I feel she does not listen when I try to explain. || Output: It sounds like you feel unheard. Try expressing your needs calmly and clearly.
BM00462,personal,wife,He gets defensive and I stop sharing.,frustration,defensive behavior,reflection,personal,This pattern suggests tension. Try choosing a calmer time to talk.,Input: He gets defensive and I stop sharing. || Output: This pattern suggests tension. Try choosing a calmer time to talk.
BM00463,couple,both,We keep arguing about the same issue.,frustration,recurring conflict,de-escalation,shared,Slow the discussion and let each person speak fully before responding.,Input: We keep arguing about the same issue. || Output: Slow the discussion and let each person speak fully before responding.
BM00464,personal,husband,Work stress made me speak harshly.,guilt,stress spillover,accountability coaching,personal,Recognize your part and plan how to manage stress before conversations.,Input: Work stress made me speak harshly. || Output: Recognize your part and plan how to manage stress before conversations.
BM00465,personal,wife,I feel excluded from important decisions.,hurt,trust issue,validation,personal,Feeling excluded is valid. Explain why shared decisions matter to you.,Input: I feel excluded from important decisions. || Output: Feeling excluded is valid. Explain why shared decisions matter to you.
BM00466,couple,both,We want to communicate better.,hope,none,positive reinforcement,shared,Build on this by checking in regularly and keeping respect.,Input: We want to communicate better. || Output: Build on this by checking in regularly and keeping respect.
BM00467,personal,husband,I miss how we used to talk calmly.,nostalgia,relationship distance,bonding suggestion,personal,Plan a calm activity together to rebuild connection.,Input: I miss how we used to talk calmly. || Output: Plan a calm activity together to rebuild connection.
BM00468,couple,both,One of us dominates the conversation.,frustration,communication imbalance,pattern reflection,shared,Balance speaking time and reflect what you heard before replying.,Input: One of us dominates the conversation. || Output: Balance speaking time and reflect what you heard before replying.
BM00469,personal,wife,Arguments make me anxious.,anxiety,anger escalation,calming strategy,personal,Ask for a break if the tone escalates.,Input: Arguments make me anxious. || Output: Ask for a break if the tone escalates.
BM00470,couple,both,We will listen without interrupting.,calm,argument control,action plan,shared,"Keep the rule simple: one speaks, one listens, then summarize.","Input: We will listen without interrupting. || Output: Keep the rule simple: one speaks, one listens, then summarize."
BM00471,personal,husband,I feel she does not listen when I try to explain.,sadness,communication gap,empathy,personal,It sounds like you feel unheard. Try expressing your needs calmly and clearly.,Input: I feel she does not listen when I try to explain. || Output: It sounds like you feel unheard. Try expressing your needs calmly and clearly.
BM00472,personal,wife,He gets defensive and I stop sharing.,frustration,defensive behavior,reflection,personal,You are noticing a pattern that blocks sharing. Pause and reset the tone before continuing.,Input: He gets defensive and I stop sharing. || Output: You are noticing a pattern that blocks sharing. Pause and reset the tone before continuing.
BM00473,couple,both,We keep arguing about the same issue.,frustration,recurring conflict,de-escalation,shared,This seems repeated. Focus on one issue and avoid past topics for now.,Input: We keep arguing about the same issue. || Output: This seems repeated. Focus on one issue and avoid past topics for now.
BM00474,personal,husband,Work stress made me speak harshly.,guilt,stress spillover,accountability coaching,personal,"Acknowledge the tone, apologize, and commit to a calmer response next time.","Input: Work stress made me speak harshly. || Output: Acknowledge the tone, apologize, and commit to a calmer response next time."
BM00475,personal,wife,I feel excluded from important decisions.,hurt,trust issue,validation,personal,Feeling excluded is valid. Explain why shared decisions matter to you.,Input: I feel excluded from important decisions. || Output: Feeling excluded is valid. Explain why shared decisions matter to you.
BM00476,couple,both,We want to communicate better.,hope,none,positive reinforcement,shared,Great goal. Practice active listening and end with one action step.,Input: We want to communicate better. || Output: Great goal. Practice active listening and end with one action step.
BM00477,personal,husband,I miss how we used to talk calmly.,nostalgia,relationship distance,bonding suggestion,personal,Share a positive memory to reopen safe communication.,Input: I miss how we used to talk calmly. || Output: Share a positive memory to reopen safe communication.
BM00478,couple,both,One of us dominates the conversation.,frustration,communication imbalance,pattern reflection,shared,Balance speaking time and reflect what you heard before replying.,Input: One of us dominates the conversation. || Output: Balance speaking time and reflect what you heard before replying.
BM00479,personal,wife,Arguments make me anxious.,anxiety,anger escalation,calming strategy,personal,Ask for a break if the tone escalates.,Input: Arguments make me anxious. || Output: Ask for a break if the tone escalates.
BM00480,couple,both,We will listen without interrupting.,calm,argument control,action plan,shared,"Use a small, clear plan and follow it consistently.","Input: We will listen without interrupting. || Output: Use a small, clear plan and follow it consistently."
BM00481,personal,husband,I feel she does not listen when I try to explain.,sadness,communication gap,empathy,personal,It sounds like you feel unheard. Try expressing your needs calmly and clearly.,Input: I feel she does not listen when I try to explain. || Output: It sounds like you feel unheard. Try expressing your needs calmly and clearly.
BM00482,personal,wife,He gets defensive and I stop sharing.,frustration,defensive behavior,reflection,personal,You are noticing a pattern that blocks sharing. Pause and reset the tone before continuing.,Input: He gets defensive and I stop sharing. || Output: You are noticing a pattern that blocks sharing. Pause and reset the tone before continuing.
BM00483,couple,both,We keep arguing about the same issue.,frustration,recurring conflict,de-escalation,shared,This seems repeated. Focus on one issue and avoid past topics for now.,Input: We keep arguing about the same issue. || Output: This seems repeated. Focus on one issue and avoid past topics for now.
BM00484,personal,husband,Work stress made me speak harshly.,guilt,stress spillover,accountability coaching,personal,Recognize your part and plan how to manage stress before conversations.,Input: Work stress made me speak harshly. || Output: Recognize your part and plan how to manage stress before conversations.
BM00485,personal,wife,I feel excluded from important decisions.,hurt,trust issue,validation,personal,Your concern is understandable. Ask for regular check-ins on decisions.,Input: I feel excluded from important decisions. || Output: Your concern is understandable. Ask for regular check-ins on decisions.
BM00486,couple,both,We want to communicate better.,hope,none,positive reinforcement,shared,Great goal. Practice active listening and end with one action step.,Input: We want to communicate better. || Output: Great goal. Practice active listening and end with one action step.
BM00487,personal,husband,I miss how we used to talk calmly.,nostalgia,relationship distance,bonding suggestion,personal,Share a positive memory to reopen safe communication.,Input: I miss how we used to talk calmly. || Output: Share a positive memory to reopen safe communication.
BM00488,couple,both,One of us dominates the conversation.,frustration,communication imbalance,pattern reflection,shared,Balance speaking time and reflect what you heard before replying.,Input: One of us dominates the conversation. || Output: Balance speaking time and reflect what you heard before replying.
BM00489,personal,wife,Arguments make me anxious.,anxiety,anger escalation,calming strategy,personal,Take a short pause and use slow breathing before continuing.,Input: Arguments make me anxious. || Output: Take a short pause and use slow breathing before continuing.
BM00490,couple,both,We will listen without interrupting.,calm,argument control,action plan,shared,"Keep the rule simple: one speaks, one listens, then summarize.","Input: We will listen without interrupting. || Output: Keep the rule simple: one speaks, one listens, then summarize."
BM00491,personal,husband,I feel she does not listen when I try to explain.,sadness,communication gap,empathy,personal,Feeling ignored can hurt. Ask for a calm moment and state one specific need.,Input: I feel she does not listen when I try to explain. || Output: Feeling ignored can hurt. Ask for a calm moment and state one specific need.
BM00492,personal,wife,He gets defensive and I stop sharing.,frustration,defensive behavior,reflection,personal,This pattern suggests tension. Try choosing a calmer time to talk.,Input: He gets defensive and I stop sharing. || Output: This pattern suggests tension. Try choosing a calmer time to talk.
BM00493,couple,both,We keep arguing about the same issue.,frustration,recurring conflict,de-escalation,shared,This seems repeated. Focus on one issue and avoid past topics for now.,Input: We keep arguing about the same issue. || Output: This seems repeated. Focus on one issue and avoid past topics for now.
BM00494,personal,husband,Work stress made me speak harshly.,guilt,stress spillover,accountability coaching,personal,Recognize your part and plan how to manage stress before conversations.,Input: Work stress made me speak harshly. || Output: Recognize your part and plan how to manage stress before conversations.
BM00495,personal,wife,I feel excluded from important decisions.,hurt,trust issue,validation,personal,Feeling excluded is valid. Explain why shared decisions matter to you.,Input: I feel excluded from important decisions. || Output: Feeling excluded is valid. Explain why shared decisions matter to you.
BM00496,couple,both,We want to communicate better.,hope,none,positive reinforcement,shared,Great goal. Practice active listening and end with one action step.,Input: We want to communicate better. || Output: Great goal. Practice active listening and end with one action step.
BM00497,personal,husband,I miss how we used to talk calmly.,nostalgia,relationship distance,bonding suggestion,personal,Plan a calm activity together to rebuild connection.,Input: I miss how we used to talk calmly. || Output: Plan a calm activity together to rebuild connection.
BM00498,couple,both,One of us dominates the conversation.,frustration,communication imbalance,pattern reflection,shared,Use turn-taking to make the conversation fair.,Input: One of us dominates the conversation. || Output: Use turn-taking to make the conversation fair.
BM00499,personal,wife,Arguments make me anxious.,anxiety,anger escalation,calming strategy,personal,Ask for a break if the tone escalates.,Input: Arguments make me anxious. || Output: Ask for a break if the tone escalates.
BM00500,couple,both,We will listen without interrupting.,calm,argument control,action plan,shared,"Use a small, clear plan and follow it consistently.","Input: We will listen without interrupting. || Output: Use a small, clear plan and follow it consistently."
BM00501,personal,husband,I feel she does not listen when I try to explain.,sadness,communication gap,empathy,personal,It sounds like you feel unheard. Try expressing your needs calmly and clearly.,Input: I feel she does not listen when I try to explain. || Output: It sounds like you feel unheard. Try expressing your needs calmly and clearly.
BM00502,personal,wife,He gets defensive and I stop sharing.,frustration,defensive behavior,reflection,personal,This pattern suggests tension. Try choosing a calmer time to talk.,Input: He gets defensive and I stop sharing. || Output: This pattern suggests tension. Try choosing a calmer time to talk.
BM00503,couple,both,We keep arguing about the same issue.,frustration,recurring conflict,de-escalation,shared,Slow the discussion and let each person speak fully before responding.,Input: We keep arguing about the same issue. || Output: Slow the discussion and let each person speak fully before responding.
BM00504,personal,husband,Work stress made me speak harshly.,guilt,stress spillover,accountability coaching,personal,"Acknowledge the tone, apologize, and commit to a calmer response next time.","Input: Work stress made me speak harshly. || Output: Acknowledge the tone, apologize, and commit to a calmer response next time."
BM00505,personal,wife,I feel excluded from important decisions.,hurt,trust issue,validation,personal,Feeling excluded is valid. Explain why shared decisions matter to you.,Input: I feel excluded from important decisions. || Output: Feeling excluded is valid. Explain why shared decisions matter to you.
BM00506,couple,both,We want to communicate better.,hope,none,positive reinforcement,shared,Great goal. Practice active listening and end with one action step.,Input: We want to communicate better. || Output: Great goal. Practice active listening and end with one action step.
BM00507,personal,husband,I miss how we used to talk calmly.,nostalgia,relationship distance,bonding suggestion,personal,Plan a calm activity together to rebuild connection.,Input: I miss how we used to talk calmly. || Output: Plan a calm activity together to rebuild connection.
BM00508,couple,both,One of us dominates the conversation.,frustration,communication imbalance,pattern reflection,shared,Use turn-taking to make the conversation fair.,Input: One of us dominates the conversation. || Output: Use turn-taking to make the conversation fair.
BM00509,personal,wife,Arguments make me anxious.,anxiety,anger escalation,calming strategy,personal,Ask for a break if the tone escalates.,Input: Arguments make me anxious. || Output: Ask for a break if the tone escalates.
BM00510,couple,both,We will listen without interrupting.,calm,argument control,action plan,shared,"Use a small, clear plan and follow it consistently.","Input: We will listen without interrupting. || Output: Use a small, clear plan and follow it consistently."
BM00511,personal,husband,I feel she does not listen when I try to explain.,sadness,communication gap,empathy,personal,It sounds like you feel unheard. Try expressing your needs calmly and clearly.,Input: I feel she does not listen when I try to explain. || Output: It sounds like you feel unheard. Try expressing your needs calmly and clearly.
BM00512,personal,wife,He gets defensive and I stop sharing.,frustration,defensive behavior,reflection,personal,You are noticing a pattern that blocks sharing. Pause and reset the tone before continuing.,Input: He gets defensive and I stop sharing. || Output: You are noticing a pattern that blocks sharing. Pause and reset the tone before continuing.
BM00513,couple,both,We keep arguing about the same issue.,frustration,recurring conflict,de-escalation,shared,Slow the discussion and let each person speak fully before responding.,Input: We keep arguing about the same issue. || Output: Slow the discussion and let each person speak fully before responding.
BM00514,personal,husband,Work stress made me speak harshly.,guilt,stress spillover,accountability coaching,personal,"Acknowledge the tone, apologize, and commit to a calmer response next time.","Input: Work stress made me speak harshly. || Output: Acknowledge the tone, apologize, and commit to a calmer response next time."
BM00515,personal,wife,I feel excluded from important decisions.,hurt,trust issue,validation,personal,Your concern is understandable. Ask for regular check-ins on decisions.,Input: I feel excluded from important decisions. || Output: Your concern is understandable. Ask for regular check-ins on decisions.
BM00516,couple,both,We want to communicate better.,hope,none,positive reinforcement,shared,Build on this by checking in regularly and keeping respect.,Input: We want to communicate better. || Output: Build on this by checking in regularly and keeping respect.
BM00517,personal,husband,I miss how we used to talk calmly.,nostalgia,relationship distance,bonding suggestion,personal,Plan a calm activity together to rebuild connection.,Input: I miss how we used to talk calmly. || Output: Plan a calm activity together to rebuild connection.
BM00518,couple,both,One of us dominates the conversation.,frustration,communication imbalance,pattern reflection,shared,Balance speaking time and reflect what you heard before replying.,Input: One of us dominates the conversation. || Output: Balance speaking time and reflect what you heard before replying.
BM00519,personal,wife,Arguments make me anxious.,anxiety,anger escalation,calming strategy,personal,Ask for a break if the tone escalates.,Input: Arguments make me anxious. || Output: Ask for a break if the tone escalates.
BM00520,couple,both,We will listen without interrupting.,calm,argument control,action plan,shared,"Use a small, clear plan and follow it consistently.","Input: We will listen without interrupting. || Output: Use a small, clear plan and follow it consistently."
BM00521,personal,husband,I feel she does not listen when I try to explain.,sadness,communication gap,empathy,personal,Feeling ignored can hurt. Ask for a calm moment and state one specific need.,Input: I feel she does not listen when I try to explain. || Output: Feeling ignored can hurt. Ask for a calm moment and state one specific need.
BM00522,personal,wife,He gets defensive and I stop sharing.,frustration,defensive behavior,reflection,personal,This pattern suggests tension. Try choosing a calmer time to talk.,Input: He gets defensive and I stop sharing. || Output: This pattern suggests tension. Try choosing a calmer time to talk.
BM00523,couple,both,We keep arguing about the same issue.,frustration,recurring conflict,de-escalation,shared,Slow the discussion and let each person speak fully before responding.,Input: We keep arguing about the same issue. || Output: Slow the discussion and let each person speak fully before responding.
BM00524,personal,husband,Work stress made me speak harshly.,guilt,stress spillover,accountability coaching,personal,Recognize your part and plan how to manage stress before conversations.,Input: Work stress made me speak harshly. || Output: Recognize your part and plan how to manage stress before conversations.
BM00525,personal,wife,I feel excluded from important decisions.,hurt,trust issue,validation,personal,Feeling excluded is valid. Explain why shared decisions matter to you.,Input: I feel excluded from important decisions. || Output: Feeling excluded is valid. Explain why shared decisions matter to you.
BM00526,couple,both,We want to communicate better.,hope,none,positive reinforcement,shared,Great goal. Practice active listening and end with one action step.,Input: We want to communicate better. || Output: Great goal. Practice active listening and end with one action step.
BM00527,personal,husband,I miss how we used to talk calmly.,nostalgia,relationship distance,bonding suggestion,personal,Share a positive memory to reopen safe communication.,Input: I miss how we used to talk calmly. || Output: Share a positive memory to reopen safe communication.
BM00528,couple,both,One of us dominates the conversation.,frustration,communication imbalance,pattern reflection,shared,Balance speaking time and reflect what you heard before replying.,Input: One of us dominates the conversation. || Output: Balance speaking time and reflect what you heard before replying.
BM00529,personal,wife,Arguments make me anxious.,anxiety,anger escalation,calming strategy,personal,Ask for a break if the tone escalates.,Input: Arguments make me anxious. || Output: Ask for a break if the tone escalates.
BM00530,couple,both,We will listen without interrupting.,calm,argument control,action plan,shared,"Keep the rule simple: one speaks, one listens, then summarize.","Input: We will listen without interrupting. || Output: Keep the rule simple: one speaks, one listens, then summarize."
BM00531,personal,husband,I feel she does not listen when I try to explain.,sadness,communication gap,empathy,personal,Feeling ignored can hurt. Ask for a calm moment and state one specific need.,Input: I feel she does not listen when I try to explain. || Output: Feeling ignored can hurt. Ask for a calm moment and state one specific need.
BM00532,personal,wife,He gets defensive and I stop sharing.,frustration,defensive behavior,reflection,personal,This pattern suggests tension. Try choosing a calmer time to talk.,Input: He gets defensive and I stop sharing. || Output: This pattern suggests tension. Try choosing a calmer time to talk.
BM00533,couple,both,We keep arguing about the same issue.,frustration,recurring conflict,de-escalation,shared,This seems repeated. Focus on one issue and avoid past topics for now.,Input: We keep arguing about the same issue. || Output: This seems repeated. Focus on one issue and avoid past topics for now.
BM00534,personal,husband,Work stress made me speak harshly.,guilt,stress spillover,accountability coaching,personal,Recognize your part and plan how to manage stress before conversations.,Input: Work stress made me speak harshly. || Output: Recognize your part and plan how to manage stress before conversations.
BM00535,personal,wife,I feel excluded from important decisions.,hurt,trust issue,validation,personal,Your concern is understandable. Ask for regular check-ins on decisions.,Input: I feel excluded from important decisions. || Output: Your concern is understandable. Ask for regular check-ins on decisions.
BM00536,couple,both,We want to communicate better.,hope,none,positive reinforcement,shared,Build on this by checking in regularly and keeping respect.,Input: We want to communicate better. || Output: Build on this by checking in regularly and keeping respect.
BM00537,personal,husband,I miss how we used to talk calmly.,nostalgia,relationship distance,bonding suggestion,personal,Plan a calm activity together to rebuild connection.,Input: I miss how we used to talk calmly. || Output: Plan a calm activity together to rebuild connection.
BM00538,couple,both,One of us dominates the conversation.,frustration,communication imbalance,pattern reflection,shared,Balance speaking time and reflect what you heard before replying.,Input: One of us dominates the conversation. || Output: Balance speaking time and reflect what you heard before replying.
BM00539,personal,wife,Arguments make me anxious.,anxiety,anger escalation,calming strategy,personal,Take a short pause and use slow breathing before continuing.,Input: Arguments make me anxious. || Output: Take a short pause and use slow breathing before continuing.
BM00540,couple,both,We will listen without interrupting.,calm,argument control,action plan,shared,"Keep the rule simple: one speaks, one listens, then summarize.","Input: We will listen without interrupting. || Output: Keep the rule simple: one speaks, one listens, then summarize."
BM00541,personal,husband,I feel she does not listen when I try to explain.,sadness,communication gap,empathy,personal,It sounds like you feel unheard. Try expressing your needs calmly and clearly.,Input: I feel she does not listen when I try to explain. || Output: It sounds like you feel unheard. Try expressing your needs calmly and clearly.
BM00542,personal,wife,He gets defensive and I stop sharing.,frustration,defensive behavior,reflection,personal,This pattern suggests tension. Try choosing a calmer time to talk.,Input: He gets defensive and I stop sharing. || Output: This pattern suggests tension. Try choosing a calmer time to talk.
BM00543,couple,both,We keep arguing about the same issue.,frustration,recurring conflict,de-escalation,shared,Slow the discussion and let each person speak fully before responding.,Input: We keep arguing about the same issue. || Output: Slow the discussion and let each person speak fully before responding.
BM00544,personal,husband,Work stress made me speak harshly.,guilt,stress spillover,accountability coaching,personal,"Acknowledge the tone, apologize, and commit to a calmer response next time.","Input: Work stress made me speak harshly. || Output: Acknowledge the tone, apologize, and commit to a calmer response next time."
BM00545,personal,wife,I feel excluded from important decisions.,hurt,trust issue,validation,personal,Your concern is understandable. Ask for regular check-ins on decisions.,Input: I feel excluded from important decisions. || Output: Your concern is understandable. Ask for regular check-ins on decisions.
BM00546,couple,both,We want to communicate better.,hope,none,positive reinforcement,shared,Great goal. Practice active listening and end with one action step.,Input: We want to communicate better. || Output: Great goal. Practice active listening and end with one action step.
BM00547,personal,husband,I miss how we used to talk calmly.,nostalgia,relationship distance,bonding suggestion,personal,Share a positive memory to reopen safe communication.,Input: I miss how we used to talk calmly. || Output: Share a positive memory to reopen safe communication.
BM00548,couple,both,One of us dominates the conversation.,frustration,communication imbalance,pattern reflection,shared,Balance speaking time and reflect what you heard before replying.,Input: One of us dominates the conversation. || Output: Balance speaking time and reflect what you heard before replying.
BM00549,personal,wife,Arguments make me anxious.,anxiety,anger escalation,calming strategy,personal,Ask for a break if the tone escalates.,Input: Arguments make me anxious. || Output: Ask for a break if the tone escalates.
BM00550,couple,both,We will listen without interrupting.,calm,argument control,action plan,shared,"Use a small, clear plan and follow it consistently.","Input: We will listen without interrupting. || Output: Use a small, clear plan and follow it consistently."
BM00551,personal,husband,I feel she does not listen when I try to explain.,sadness,communication gap,empathy,personal,Feeling ignored can hurt. Ask for a calm moment and state one specific need.,Input: I feel she does not listen when I try to explain. || Output: Feeling ignored can hurt. Ask for a calm moment and state one specific need.
BM00552,personal,wife,He gets defensive and I stop sharing.,frustration,defensive behavior,reflection,personal,You are noticing a pattern that blocks sharing. Pause and reset the tone before continuing.,Input: He gets defensive and I stop sharing. || Output: You are noticing a pattern that blocks sharing. Pause and reset the tone before continuing.
BM00553,couple,both,We keep arguing about the same issue.,frustration,recurring conflict,de-escalation,shared,This seems repeated. Focus on one issue and avoid past topics for now.,Input: We keep arguing about the same issue. || Output: This seems repeated. Focus on one issue and avoid past topics for now.
BM00554,personal,husband,Work stress made me speak harshly.,guilt,stress spillover,accountability coaching,personal,"Acknowledge the tone, apologize, and commit to a calmer response next time.","Input: Work stress made me speak harshly. || Output: Acknowledge the tone, apologize, and commit to a calmer response next time."
BM00555,personal,wife,I feel excluded from important decisions.,hurt,trust issue,validation,personal,Your concern is understandable. Ask for regular check-ins on decisions.,Input: I feel excluded from important decisions. || Output: Your concern is understandable. Ask for regular check-ins on decisions.
BM00556,couple,both,We want to communicate better.,hope,none,positive reinforcement,shared,Build on this by checking in regularly and keeping respect.,Input: We want to communicate better. || Output: Build on this by checking in regularly and keeping respect.
BM00557,personal,husband,I miss how we used to talk calmly.,nostalgia,relationship distance,bonding suggestion,personal,Share a positive memory to reopen safe communication.,Input: I miss how we used to talk calmly. || Output: Share a positive memory to reopen safe communication.
BM00558,couple,both,One of us dominates the conversation.,frustration,communication imbalance,pattern reflection,shared,Use turn-taking to make the conversation fair.,Input: One of us dominates the conversation. || Output: Use turn-taking to make the conversation fair.
BM00559,personal,wife,Arguments make me anxious.,anxiety,anger escalation,calming strategy,personal,Take a short pause and use slow breathing before continuing.,Input: Arguments make me anxious. || Output: Take a short pause and use slow breathing before continuing.
BM00560,couple,both,We will listen without interrupting.,calm,argument control,action plan,shared,"Use a small, clear plan and follow it consistently.","Input: We will listen without interrupting. || Output: Use a small, clear plan and follow it consistently."
BM00561,personal,husband,I feel she does not listen when I try to explain.,sadness,communication gap,empathy,personal,Feeling ignored can hurt. Ask for a calm moment and state one specific need.,Input: I feel she does not listen when I try to explain. || Output: Feeling ignored can hurt. Ask for a calm moment and state one specific need.
BM00562,personal,wife,He gets defensive and I stop sharing.,frustration,defensive behavior,reflection,personal,This pattern suggests tension. Try choosing a calmer time to talk.,Input: He gets defensive and I stop sharing. || Output: This pattern suggests tension. Try choosing a calmer time to talk.
BM00563,couple,both,We keep arguing about the same issue.,frustration,recurring conflict,de-escalation,shared,Slow the discussion and let each person speak fully before responding.,Input: We keep arguing about the same issue. || Output: Slow the discussion and let each person speak fully before responding.
BM00564,personal,husband,Work stress made me speak harshly.,guilt,stress spillover,accountability coaching,personal,"Acknowledge the tone, apologize, and commit to a calmer response next time.","Input: Work stress made me speak harshly. || Output: Acknowledge the tone, apologize, and commit to a calmer response next time."
BM00565,personal,wife,I feel excluded from important decisions.,hurt,trust issue,validation,personal,Your concern is understandable. Ask for regular check-ins on decisions.,Input: I feel excluded from important decisions. || Output: Your concern is understandable. Ask for regular check-ins on decisions.
BM00566,couple,both,We want to communicate better.,hope,none,positive reinforcement,shared,Great goal. Practice active listening and end with one action step.,Input: We want to communicate better. || Output: Great goal. Practice active listening and end with one action step.
BM00567,personal,husband,I miss how we used to talk calmly.,nostalgia,relationship distance,bonding suggestion,personal,Share a positive memory to reopen safe communication.,Input: I miss how we used to talk calmly. || Output: Share a positive memory to reopen safe communication.
BM00568,couple,both,One of us dominates the conversation.,frustration,communication imbalance,pattern reflection,shared,Use turn-taking to make the conversation fair.,Input: One of us dominates the conversation. || Output: Use turn-taking to make the conversation fair.
BM00569,personal,wife,Arguments make me anxious.,anxiety,anger escalation,calming strategy,personal,Ask for a break if the tone escalates.,Input: Arguments make me anxious. || Output: Ask for a break if the tone escalates.
BM00570,couple,both,We will listen without interrupting.,calm,argument control,action plan,shared,"Keep the rule simple: one speaks, one listens, then summarize.","Input: We will listen without interrupting. || Output: Keep the rule simple: one speaks, one listens, then summarize."
BM00571,personal,husband,I feel she does not listen when I try to explain.,sadness,communication gap,empathy,personal,It sounds like you feel unheard. Try expressing your needs calmly and clearly.,Input: I feel she does not listen when I try to explain. || Output: It sounds like you feel unheard. Try expressing your needs calmly and clearly.
BM00572,personal,wife,He gets defensive and I stop sharing.,frustration,defensive behavior,reflection,personal,You are noticing a pattern that blocks sharing. Pause and reset the tone before continuing.,Input: He gets defensive and I stop sharing. || Output: You are noticing a pattern that blocks sharing. Pause and reset the tone before continuing.
BM00573,couple,both,We keep arguing about the same issue.,frustration,recurring conflict,de-escalation,shared,Slow the discussion and let each person speak fully before responding.,Input: We keep arguing about the same issue. || Output: Slow the discussion and let each person speak fully before responding.
BM00574,personal,husband,Work stress made me speak harshly.,guilt,stress spillover,accountability coaching,personal,Recognize your part and plan how to manage stress before conversations.,Input: Work stress made me speak harshly. || Output: Recognize your part and plan how to manage stress before conversations.
BM00575,personal,wife,I feel excluded from important decisions.,hurt,trust issue,validation,personal,Your concern is understandable. Ask for regular check-ins on decisions.,Input: I feel excluded from important decisions. || Output: Your concern is understandable. Ask for regular check-ins on decisions.
BM00576,couple,both,We want to communicate better.,hope,none,positive reinforcement,shared,Great goal. Practice active listening and end with one action step.,Input: We want to communicate better. || Output: Great goal. Practice active listening and end with one action step.
BM00577,personal,husband,I miss how we used to talk calmly.,nostalgia,relationship distance,bonding suggestion,personal,Share a positive memory to reopen safe communication.,Input: I miss how we used to talk calmly. || Output: Share a positive memory to reopen safe communication.
BM00578,couple,both,One of us dominates the conversation.,frustration,communication imbalance,pattern reflection,shared,Use turn-taking to make the conversation fair.,Input: One of us dominates the conversation. || Output: Use turn-taking to make the conversation fair.
BM00579,personal,wife,Arguments make me anxious.,anxiety,anger escalation,calming strategy,personal,Take a short pause and use slow breathing before continuing.,Input: Arguments make me anxious. || Output: Take a short pause and use slow breathing before continuing.
BM00580,couple,both,We will listen without interrupting.,calm,argument control,action plan,shared,"Use a small, clear plan and follow it consistently.","Input: We will listen without interrupting. || Output: Use a small, clear plan and follow it consistently."
BM00581,personal,husband,I feel she does not listen when I try to explain.,sadness,communication gap,empathy,personal,Feeling ignored can hurt. Ask for a calm moment and state one specific need.,Input: I feel she does not listen when I try to explain. || Output: Feeling ignored can hurt. Ask for a calm moment and state one specific need.
BM00582,personal,wife,He gets defensive and I stop sharing.,frustration,defensive behavior,reflection,personal,This pattern suggests tension. Try choosing a calmer time to talk.,Input: He gets defensive and I stop sharing. || Output: This pattern suggests tension. Try choosing a calmer time to talk.
BM00583,couple,both,We keep arguing about the same issue.,frustration,recurring conflict,de-escalation,shared,This seems repeated. Focus on one issue and avoid past topics for now.,Input: We keep arguing about the same issue. || Output: This seems repeated. Focus on one issue and avoid past topics for now.
BM00584,personal,husband,Work stress made me speak harshly.,guilt,stress spillover,accountability coaching,personal,Recognize your part and plan how to manage stress before conversations.,Input: Work stress made me speak harshly. || Output: Recognize your part and plan how to manage stress before conversations.
BM00585,personal,wife,I feel excluded from important decisions.,hurt,trust issue,validation,personal,Feeling excluded is valid. Explain why shared decisions matter to you.,Input: I feel excluded from important decisions. || Output: Feeling excluded is valid. Explain why shared decisions matter to you.
BM00586,couple,both,We want to communicate better.,hope,none,positive reinforcement,shared,Great goal. Practice active listening and end with one action step.,Input: We want to communicate better. || Output: Great goal. Practice active listening and end with one action step.
BM00587,personal,husband,I miss how we used to talk calmly.,nostalgia,relationship distance,bonding suggestion,personal,Share a positive memory to reopen safe communication.,Input: I miss how we used to talk calmly. || Output: Share a positive memory to reopen safe communication.
BM00588,couple,both,One of us dominates the conversation.,frustration,communication imbalance,pattern reflection,shared,Balance speaking time and reflect what you heard before replying.,Input: One of us dominates the conversation. || Output: Balance speaking time and reflect what you heard before replying.
BM00589,personal,wife,Arguments make me anxious.,anxiety,anger escalation,calming strategy,personal,Take a short pause and use slow breathing before continuing.,Input: Arguments make me anxious. || Output: Take a short pause and use slow breathing before continuing.
BM00590,couple,both,We will listen without interrupting.,calm,argument control,action plan,shared,"Use a small, clear plan and follow it consistently.","Input: We will listen without interrupting. || Output: Use a small, clear plan and follow it consistently."
BM00591,personal,husband,I feel she does not listen when I try to explain.,sadness,communication gap,empathy,personal,Feeling ignored can hurt. Ask for a calm moment and state one specific need.,Input: I feel she does not listen when I try to explain. || Output: Feeling ignored can hurt. Ask for a calm moment and state one specific need.
BM00592,personal,wife,He gets defensive and I stop sharing.,frustration,defensive behavior,reflection,personal,This pattern suggests tension. Try choosing a calmer time to talk.,Input: He gets defensive and I stop sharing. || Output: This pattern suggests tension. Try choosing a calmer time to talk.
BM00593,couple,both,We keep arguing about the same issue.,frustration,recurring conflict,de-escalation,shared,This seems repeated. Focus on one issue and avoid past topics for now.,Input: We keep arguing about the same issue. || Output: This seems repeated. Focus on one issue and avoid past topics for now.
BM00594,personal,husband,Work stress made me speak harshly.,guilt,stress spillover,accountability coaching,personal,Recognize your part and plan how to manage stress before conversations.,Input: Work stress made me speak harshly. || Output: Recognize your part and plan how to manage stress before conversations.
BM00595,personal,wife,I feel excluded from important decisions.,hurt,trust issue,validation,personal,Your concern is understandable. Ask for regular check-ins on decisions.,Input: I feel excluded from important decisions. || Output: Your concern is understandable. Ask for regular check-ins on decisions.
BM00596,couple,both,We want to communicate better.,hope,none,positive reinforcement,shared,Great goal. Practice active listening and end with one action step.,Input: We want to communicate better. || Output: Great goal. Practice active listening and end with one action step.
BM00597,personal,husband,I miss how we used to talk calmly.,nostalgia,relationship distance,bonding suggestion,personal,Share a positive memory to reopen safe communication.,Input: I miss how we used to talk calmly. || Output: Share a positive memory to reopen safe communication.
BM00598,couple,both,One of us dominates the conversation.,frustration,communication imbalance,pattern reflection,shared,Balance speaking time and reflect what you heard before replying.,Input: One of us dominates the conversation. || Output: Balance speaking time and reflect what you heard before replying.
BM00599,personal,wife,Arguments make me anxious.,anxiety,anger escalation,calming strategy,personal,Take a short pause and use slow breathing before continuing.,Input: Arguments make me anxious. || Output: Take a short pause and use slow breathing before continuing.
BM00600,couple,both,We will listen without interrupting.,calm,argument control,action plan,shared,"Keep the rule simple: one speaks, one listens, then summarize.","Input: We will listen without interrupting. || Output: Keep the rule simple: one speaks, one listens, then summarize."
BM00601,personal,husband,I feel she does not listen when I try to explain.,sadness,communication gap,empathy,personal,Feeling ignored can hurt. Ask for a calm moment and state one specific need.,Input: I feel she does not listen when I try to explain. || Output: Feeling ignored can hurt. Ask for a calm moment and state one specific need.
BM00602,personal,wife,He gets defensive and I stop sharing.,frustration,defensive behavior,reflection,personal,This pattern suggests tension. Try choosing a calmer time to talk.,Input: He gets defensive and I stop sharing. || Output: This pattern suggests tension. Try choosing a calmer time to talk.
BM00603,couple,both,We keep arguing about the same issue.,frustration,recurring conflict,de-escalation,shared,This seems repeated. Focus on one issue and avoid past topics for now.,Input: We keep arguing about the same issue. || Output: This seems repeated. Focus on one issue and avoid past topics for now.
BM00604,personal,husband,Work stress made me speak harshly.,guilt,stress spillover,accountability coaching,personal,Recognize your part and plan how to manage stress before conversations.,Input: Work stress made me speak harshly. || Output: Recognize your part and plan how to manage stress before conversations.
BM00605,personal,wife,I feel excluded from important decisions.,hurt,trust issue,validation,personal,Your concern is understandable. Ask for regular check-ins on decisions.,Input: I feel excluded from important decisions. || Output: Your concern is understandable. Ask for regular check-ins on decisions.
BM00606,couple,both,We want to communicate better.,hope,none,positive reinforcement,shared,Great goal. Practice active listening and end with one action step.,Input: We want to communicate better. || Output: Great goal. Practice active listening and end with one action step.
BM00607,personal,husband,I miss how we used to talk calmly.,nostalgia,relationship distance,bonding suggestion,personal,Plan a calm activity together to rebuild connection.,Input: I miss how we used to talk calmly. || Output: Plan a calm activity together to rebuild connection.
BM00608,couple,both,One of us dominates the conversation.,frustration,communication imbalance,pattern reflection,shared,Balance speaking time and reflect what you heard before replying.,Input: One of us dominates the conversation. || Output: Balance speaking time and reflect what you heard before replying.
BM00609,personal,wife,Arguments make me anxious.,anxiety,anger escalation,calming strategy,personal,Ask for a break if the tone escalates.,Input: Arguments make me anxious. || Output: Ask for a break if the tone escalates.
BM00610,couple,both,We will listen without interrupting.,calm,argument control,action plan,shared,"Use a small, clear plan and follow it consistently.","Input: We will listen without interrupting. || Output: Use a small, clear plan and follow it consistently."
BM00611,personal,husband,I feel she does not listen when I try to explain.,sadness,communication gap,empathy,personal,Feeling ignored can hurt. Ask for a calm moment and state one specific need.,Input: I feel she does not listen when I try to explain. || Output: Feeling ignored can hurt. Ask for a calm moment and state one specific need.
BM00612,personal,wife,He gets defensive and I stop sharing.,frustration,defensive behavior,reflection,personal,This pattern suggests tension. Try choosing a calmer time to talk.,Input: He gets defensive and I stop sharing. || Output: This pattern suggests tension. Try choosing a calmer time to talk.
BM00613,couple,both,We keep arguing about the same issue.,frustration,recurring conflict,de-escalation,shared,Slow the discussion and let each person speak fully before responding.,Input: We keep arguing about the same issue. || Output: Slow the discussion and let each person speak fully before responding.
BM00614,personal,husband,Work stress made me speak harshly.,guilt,stress spillover,accountability coaching,personal,Recognize your part and plan how to manage stress before conversations.,Input: Work stress made me speak harshly. || Output: Recognize your part and plan how to manage stress before conversations.
BM00615,personal,wife,I feel excluded from important decisions.,hurt,trust issue,validation,personal,Your concern is understandable. Ask for regular check-ins on decisions.,Input: I feel excluded from important decisions. || Output: Your concern is understandable. Ask for regular check-ins on decisions.
BM00616,couple,both,We want to communicate better.,hope,none,positive reinforcement,shared,Build on this by checking in regularly and keeping respect.,Input: We want to communicate better. || Output: Build on this by checking in regularly and keeping respect.
BM00617,personal,husband,I miss how we used to talk calmly.,nostalgia,relationship distance,bonding suggestion,personal,Plan a calm activity together to rebuild connection.,Input: I miss how we used to talk calmly. || Output: Plan a calm activity together to rebuild connection.
BM00618,couple,both,One of us dominates the conversation.,frustration,communication imbalance,pattern reflection,shared,Use turn-taking to make the conversation fair.,Input: One of us dominates the conversation. || Output: Use turn-taking to make the conversation fair.
BM00619,personal,wife,Arguments make me anxious.,anxiety,anger escalation,calming strategy,personal,Ask for a break if the tone escalates.,Input: Arguments make me anxious. || Output: Ask for a break if the tone escalates.
BM00620,couple,both,We will listen without interrupting.,calm,argument control,action plan,shared,"Use a small, clear plan and follow it consistently.","Input: We will listen without interrupting. || Output: Use a small, clear plan and follow it consistently."
BM00621,personal,husband,I feel she does not listen when I try to explain.,sadness,communication gap,empathy,personal,It sounds like you feel unheard. Try expressing your needs calmly and clearly.,Input: I feel she does not listen when I try to explain. || Output: It sounds like you feel unheard. Try expressing your needs calmly and clearly.
BM00622,personal,wife,He gets defensive and I stop sharing.,frustration,defensive behavior,reflection,personal,You are noticing a pattern that blocks sharing. Pause and reset the tone before continuing.,Input: He gets defensive and I stop sharing. || Output: You are noticing a pattern that blocks sharing. Pause and reset the tone before continuing.
BM00623,couple,both,We keep arguing about the same issue.,frustration,recurring conflict,de-escalation,shared,This seems repeated. Focus on one issue and avoid past topics for now.,Input: We keep arguing about the same issue. || Output: This seems repeated. Focus on one issue and avoid past topics for now.
BM00624,personal,husband,Work stress made me speak harshly.,guilt,stress spillover,accountability coaching,personal,"Acknowledge the tone, apologize, and commit to a calmer response next time.","Input: Work stress made me speak harshly. || Output: Acknowledge the tone, apologize, and commit to a calmer response next time."
BM00625,personal,wife,I feel excluded from important decisions.,hurt,trust issue,validation,personal,Feeling excluded is valid. Explain why shared decisions matter to you.,Input: I feel excluded from important decisions. || Output: Feeling excluded is valid. Explain why shared decisions matter to you.
BM00626,couple,both,We want to communicate better.,hope,none,positive reinforcement,shared,Build on this by checking in regularly and keeping respect.,Input: We want to communicate better. || Output: Build on this by checking in regularly and keeping respect.
BM00627,personal,husband,I miss how we used to talk calmly.,nostalgia,relationship distance,bonding suggestion,personal,Plan a calm activity together to rebuild connection.,Input: I miss how we used to talk calmly. || Output: Plan a calm activity together to rebuild connection.
BM00628,couple,both,One of us dominates the conversation.,frustration,communication imbalance,pattern reflection,shared,Use turn-taking to make the conversation fair.,Input: One of us dominates the conversation. || Output: Use turn-taking to make the conversation fair.
BM00629,personal,wife,Arguments make me anxious.,anxiety,anger escalation,calming strategy,personal,Ask for a break if the tone escalates.,Input: Arguments make me anxious. || Output: Ask for a break if the tone escalates.
BM00630,couple,both,We will listen without interrupting.,calm,argument control,action plan,shared,"Use a small, clear plan and follow it consistently.","Input: We will listen without interrupting. || Output: Use a small, clear plan and follow it consistently."
BM00631,personal,husband,I feel she does not listen when I try to explain.,sadness,communication gap,empathy,personal,Feeling ignored can hurt. Ask for a calm moment and state one specific need.,Input: I feel she does not listen when I try to explain. || Output: Feeling ignored can hurt. Ask for a calm moment and state one specific need.
BM00632,personal,wife,He gets defensive and I stop sharing.,frustration,defensive behavior,reflection,personal,You are noticing a pattern that blocks sharing. Pause and reset the tone before continuing.,Input: He gets defensive and I stop sharing. || Output: You are noticing a pattern that blocks sharing. Pause and reset the tone before continuing.
BM00633,couple,both,We keep arguing about the same issue.,frustration,recurring conflict,de-escalation,shared,This seems repeated. Focus on one issue and avoid past topics for now.,Input: We keep arguing about the same issue. || Output: This seems repeated. Focus on one issue and avoid past topics for now.
BM00634,personal,husband,Work stress made me speak harshly.,guilt,stress spillover,accountability coaching,personal,"Acknowledge the tone, apologize, and commit to a calmer response next time.","Input: Work stress made me speak harshly. || Output: Acknowledge the tone, apologize, and commit to a calmer response next time."
BM00635,personal,wife,I feel excluded from important decisions.,hurt,trust issue,validation,personal,Feeling excluded is valid. Explain why shared decisions matter to you.,Input: I feel excluded from important decisions. || Output: Feeling excluded is valid. Explain why shared decisions matter to you.
BM00636,couple,both,We want to communicate better.,hope,none,positive reinforcement,shared,Great goal. Practice active listening and end with one action step.,Input: We want to communicate better. || Output: Great goal. Practice active listening and end with one action step.
BM00637,personal,husband,I miss how we used to talk calmly.,nostalgia,relationship distance,bonding suggestion,personal,Share a positive memory to reopen safe communication.,Input: I miss how we used to talk calmly. || Output: Share a positive memory to reopen safe communication.
BM00638,couple,both,One of us dominates the conversation.,frustration,communication imbalance,pattern reflection,shared,Balance speaking time and reflect what you heard before replying.,Input: One of us dominates the conversation. || Output: Balance speaking time and reflect what you heard before replying.
BM00639,personal,wife,Arguments make me anxious.,anxiety,anger escalation,calming strategy,personal,Ask for a break if the tone escalates.,Input: Arguments make me anxious. || Output: Ask for a break if the tone escalates.
BM00640,couple,both,We will listen without interrupting.,calm,argument control,action plan,shared,"Keep the rule simple: one speaks, one listens, then summarize.","Input: We will listen without interrupting. || Output: Keep the rule simple: one speaks, one listens, then summarize."
BM00641,personal,husband,I feel she does not listen when I try to explain.,sadness,communication gap,empathy,personal,Feeling ignored can hurt. Ask for a calm moment and state one specific need.,Input: I feel she does not listen when I try to explain. || Output: Feeling ignored can hurt. Ask for a calm moment and state one specific need.
BM00642,personal,wife,He gets defensive and I stop sharing.,frustration,defensive behavior,reflection,personal,This pattern suggests tension. Try choosing a calmer time to talk.,Input: He gets defensive and I stop sharing. || Output: This pattern suggests tension. Try choosing a calmer time to talk.
BM00643,couple,both,We keep arguing about the same issue.,frustration,recurring conflict,de-escalation,shared,This seems repeated. Focus on one issue and avoid past topics for now.,Input: We keep arguing about the same issue. || Output: This seems repeated. Focus on one issue and avoid past topics for now.
BM00644,personal,husband,Work stress made me speak harshly.,guilt,stress spillover,accountability coaching,personal,"Acknowledge the tone, apologize, and commit to a calmer response next time.","Input: Work stress made me speak harshly. || Output: Acknowledge the tone, apologize, and commit to a calmer response next time."
BM00645,personal,wife,I feel excluded from important decisions.,hurt,trust issue,validation,personal,Your concern is understandable. Ask for regular check-ins on decisions.,Input: I feel excluded from important decisions. || Output: Your concern is understandable. Ask for regular check-ins on decisions.
BM00646,couple,both,We want to communicate better.,hope,none,positive reinforcement,shared,Build on this by checking in regularly and keeping respect.,Input: We want to communicate better. || Output: Build on this by checking in regularly and keeping respect.
BM00647,personal,husband,I miss how we used to talk calmly.,nostalgia,relationship distance,bonding suggestion,personal,Share a positive memory to reopen safe communication.,Input: I miss how we used to talk calmly. || Output: Share a positive memory to reopen safe communication.
BM00648,couple,both,One of us dominates the conversation.,frustration,communication imbalance,pattern reflection,shared,Balance speaking time and reflect what you heard before replying.,Input: One of us dominates the conversation. || Output: Balance speaking time and reflect what you heard before replying.
BM00649,personal,wife,Arguments make me anxious.,anxiety,anger escalation,calming strategy,personal,Ask for a break if the tone escalates.,Input: Arguments make me anxious. || Output: Ask for a break if the tone escalates.
BM00650,couple,both,We will listen without interrupting.,calm,argument control,action plan,shared,"Use a small, clear plan and follow it consistently.","Input: We will listen without interrupting. || Output: Use a small, clear plan and follow it consistently."
BM00651,personal,husband,I feel she does not listen when I try to explain.,sadness,communication gap,empathy,personal,Feeling ignored can hurt. Ask for a calm moment and state one specific need.,Input: I feel she does not listen when I try to explain. || Output: Feeling ignored can hurt. Ask for a calm moment and state one specific need.
BM00652,personal,wife,He gets defensive and I stop sharing.,frustration,defensive behavior,reflection,personal,You are noticing a pattern that blocks sharing. Pause and reset the tone before continuing.,Input: He gets defensive and I stop sharing. || Output: You are noticing a pattern that blocks sharing. Pause and reset the tone before continuing.
BM00653,couple,both,We keep arguing about the same issue.,frustration,recurring conflict,de-escalation,shared,Slow the discussion and let each person speak fully before responding.,Input: We keep arguing about the same issue. || Output: Slow the discussion and let each person speak fully before responding.
BM00654,personal,husband,Work stress made me speak harshly.,guilt,stress spillover,accountability coaching,personal,Recognize your part and plan how to manage stress before conversations.,Input: Work stress made me speak harshly. || Output: Recognize your part and plan how to manage stress before conversations.
BM00655,personal,wife,I feel excluded from important decisions.,hurt,trust issue,validation,personal,Your concern is understandable. Ask for regular check-ins on decisions.,Input: I feel excluded from important decisions. || Output: Your concern is understandable. Ask for regular check-ins on decisions.
BM00656,couple,both,We want to communicate better.,hope,none,positive reinforcement,shared,Great goal. Practice active listening and end with one action step.,Input: We want to communicate better. || Output: Great goal. Practice active listening and end with one action step.
BM00657,personal,husband,I miss how we used to talk calmly.,nostalgia,relationship distance,bonding suggestion,personal,Plan a calm activity together to rebuild connection.,Input: I miss how we used to talk calmly. || Output: Plan a calm activity together to rebuild connection.
BM00658,couple,both,One of us dominates the conversation.,frustration,communication imbalance,pattern reflection,shared,Balance speaking time and reflect what you heard before replying.,Input: One of us dominates the conversation. || Output: Balance speaking time and reflect what you heard before replying.
BM00659,personal,wife,Arguments make me anxious.,anxiety,anger escalation,calming strategy,personal,Ask for a break if the tone escalates.,Input: Arguments make me anxious. || Output: Ask for a break if the tone escalates.
BM00660,couple,both,We will listen without interrupting.,calm,argument control,action plan,shared,"Keep the rule simple: one speaks, one listens, then summarize.","Input: We will listen without interrupting. || Output: Keep the rule simple: one speaks, one listens, then summarize."
BM00661,personal,husband,I feel she does not listen when I try to explain.,sadness,communication gap,empathy,personal,Feeling ignored can hurt. Ask for a calm moment and state one specific need.,Input: I feel she does not listen when I try to explain. || Output: Feeling ignored can hurt. Ask for a calm moment and state one specific need.
BM00662,personal,wife,He gets defensive and I stop sharing.,frustration,defensive behavior,reflection,personal,This pattern suggests tension. Try choosing a calmer time to talk.,Input: He gets defensive and I stop sharing. || Output: This pattern suggests tension. Try choosing a calmer time to talk.
BM00663,couple,both,We keep arguing about the same issue.,frustration,recurring conflict,de-escalation,shared,Slow the discussion and let each person speak fully before responding.,Input: We keep arguing about the same issue. || Output: Slow the discussion and let each person speak fully before responding.
BM00664,personal,husband,Work stress made me speak harshly.,guilt,stress spillover,accountability coaching,personal,Recognize your part and plan how to manage stress before conversations.,Input: Work stress made me speak harshly. || Output: Recognize your part and plan how to manage stress before conversations.
BM00665,personal,wife,I feel excluded from important decisions.,hurt,trust issue,validation,personal,Your concern is understandable. Ask for regular check-ins on decisions.,Input: I feel excluded from important decisions. || Output: Your concern is understandable. Ask for regular check-ins on decisions.
BM00666,couple,both,We want to communicate better.,hope,none,positive reinforcement,shared,Great goal. Practice active listening and end with one action step.,Input: We want to communicate better. || Output: Great goal. Practice active listening and end with one action step.
BM00667,personal,husband,I miss how we used to talk calmly.,nostalgia,relationship distance,bonding suggestion,personal,Plan a calm activity together to rebuild connection.,Input: I miss how we used to talk calmly. || Output: Plan a calm activity together to rebuild connection.
BM00668,couple,both,One of us dominates the conversation.,frustration,communication imbalance,pattern reflection,shared,Balance speaking time and reflect what you heard before replying.,Input: One of us dominates the conversation. || Output: Balance speaking time and reflect what you heard before replying.
BM00669,personal,wife,Arguments make me anxious.,anxiety,anger escalation,calming strategy,personal,Ask for a break if the tone escalates.,Input: Arguments make me anxious. || Output: Ask for a break if the tone escalates.
BM00670,couple,both,We will listen without interrupting.,calm,argument control,action plan,shared,"Use a small, clear plan and follow it consistently.","Input: We will listen without interrupting. || Output: Use a small, clear plan and follow it consistently."
BM00671,personal,husband,I feel she does not listen when I try to explain.,sadness,communication gap,empathy,personal,Feeling ignored can hurt. Ask for a calm moment and state one specific need.,Input: I feel she does not listen when I try to explain. || Output: Feeling ignored can hurt. Ask for a calm moment and state one specific need.
BM00672,personal,wife,He gets defensive and I stop sharing.,frustration,defensive behavior,reflection,personal,You are noticing a pattern that blocks sharing. Pause and reset the tone before continuing.,Input: He gets defensive and I stop sharing. || Output: You are noticing a pattern that blocks sharing. Pause and reset the tone before continuing.
BM00673,couple,both,We keep arguing about the same issue.,frustration,recurring conflict,de-escalation,shared,This seems repeated. Focus on one issue and avoid past topics for now.,Input: We keep arguing about the same issue. || Output: This seems repeated. Focus on one issue and avoid past topics for now.
BM00674,personal,husband,Work stress made me speak harshly.,guilt,stress spillover,accountability coaching,personal,Recognize your part and plan how to manage stress before conversations.,Input: Work stress made me speak harshly. || Output: Recognize your part and plan how to manage stress before conversations.
BM00675,personal,wife,I feel excluded from important decisions.,hurt,trust issue,validation,personal,Your concern is understandable. Ask for regular check-ins on decisions.,Input: I feel excluded from important decisions. || Output: Your concern is understandable. Ask for regular check-ins on decisions.
BM00676,couple,both,We want to communicate better.,hope,none,positive reinforcement,shared,Build on this by checking in regularly and keeping respect.,Input: We want to communicate better. || Output: Build on this by checking in regularly and keeping respect.
BM00677,personal,husband,I miss how we used to talk calmly.,nostalgia,relationship distance,bonding suggestion,personal,Plan a calm activity together to rebuild connection.,Input: I miss how we used to talk calmly. || Output: Plan a calm activity together to rebuild connection.
BM00678,couple,both,One of us dominates the conversation.,frustration,communication imbalance,pattern reflection,shared,Balance speaking time and reflect what you heard before replying.,Input: One of us dominates the conversation. || Output: Balance speaking time and reflect what you heard before replying.
BM00679,personal,wife,Arguments make me anxious.,anxiety,anger escalation,calming strategy,personal,Take a short pause and use slow breathing before continuing.,Input: Arguments make me anxious. || Output: Take a short pause and use slow breathing before continuing.
BM00680,couple,both,We will listen without interrupting.,calm,argument control,action plan,shared,"Keep the rule simple: one speaks, one listens, then summarize.","Input: We will listen without interrupting. || Output: Keep the rule simple: one speaks, one listens, then summarize."
BM00681,personal,husband,I feel she does not listen when I try to explain.,sadness,communication gap,empathy,personal,It sounds like you feel unheard. Try expressing your needs calmly and clearly.,Input: I feel she does not listen when I try to explain. || Output: It sounds like you feel unheard. Try expressing your needs calmly and clearly.
BM00682,personal,wife,He gets defensive and I stop sharing.,frustration,defensive behavior,reflection,personal,You are noticing a pattern that blocks sharing. Pause and reset the tone before continuing.,Input: He gets defensive and I stop sharing. || Output: You are noticing a pattern that blocks sharing. Pause and reset the tone before continuing.
BM00683,couple,both,We keep arguing about the same issue.,frustration,recurring conflict,de-escalation,shared,Slow the discussion and let each person speak fully before responding.,Input: We keep arguing about the same issue. || Output: Slow the discussion and let each person speak fully before responding.
BM00684,personal,husband,Work stress made me speak harshly.,guilt,stress spillover,accountability coaching,personal,"Acknowledge the tone, apologize, and commit to a calmer response next time.","Input: Work stress made me speak harshly. || Output: Acknowledge the tone, apologize, and commit to a calmer response next time."
BM00685,personal,wife,I feel excluded from important decisions.,hurt,trust issue,validation,personal,Feeling excluded is valid. Explain why shared decisions matter to you.,Input: I feel excluded from important decisions. || Output: Feeling excluded is valid. Explain why shared decisions matter to you.
BM00686,couple,both,We want to communicate better.,hope,none,positive reinforcement,shared,Great goal. Practice active listening and end with one action step.,Input: We want to communicate better. || Output: Great goal. Practice active listening and end with one action step.
BM00687,personal,husband,I miss how we used to talk calmly.,nostalgia,relationship distance,bonding suggestion,personal,Plan a calm activity together to rebuild connection.,Input: I miss how we used to talk calmly. || Output: Plan a calm activity together to rebuild connection.
BM00688,couple,both,One of us dominates the conversation.,frustration,communication imbalance,pattern reflection,shared,Balance speaking time and reflect what you heard before replying.,Input: One of us dominates the conversation. || Output: Balance speaking time and reflect what you heard before replying.
BM00689,personal,wife,Arguments make me anxious.,anxiety,anger escalation,calming strategy,personal,Take a short pause and use slow breathing before continuing.,Input: Arguments make me anxious. || Output: Take a short pause and use slow breathing before continuing.
BM00690,couple,both,We will listen without interrupting.,calm,argument control,action plan,shared,"Use a small, clear plan and follow it consistently.","Input: We will listen without interrupting. || Output: Use a small, clear plan and follow it consistently."
BM00691,personal,husband,I feel she does not listen when I try to explain.,sadness,communication gap,empathy,personal,It sounds like you feel unheard. Try expressing your needs calmly and clearly.,Input: I feel she does not listen when I try to explain. || Output: It sounds like you feel unheard. Try expressing your needs calmly and clearly.
BM00692,personal,wife,He gets defensive and I stop sharing.,frustration,defensive behavior,reflection,personal,This pattern suggests tension. Try choosing a calmer time to talk.,Input: He gets defensive and I stop sharing. || Output: This pattern suggests tension. Try choosing a calmer time to talk.
BM00693,couple,both,We keep arguing about the same issue.,frustration,recurring conflict,de-escalation,shared,Slow the discussion and let each person speak fully before responding.,Input: We keep arguing about the same issue. || Output: Slow the discussion and let each person speak fully before responding.
BM00694,personal,husband,Work stress made me speak harshly.,guilt,stress spillover,accountability coaching,personal,"Acknowledge the tone, apologize, and commit to a calmer response next time.","Input: Work stress made me speak harshly. || Output: Acknowledge the tone, apologize, and commit to a calmer response next time."
BM00695,personal,wife,I feel excluded from important decisions.,hurt,trust issue,validation,personal,Feeling excluded is valid. Explain why shared decisions matter to you.,Input: I feel excluded from important decisions. || Output: Feeling excluded is valid. Explain why shared decisions matter to you.
BM00696,couple,both,We want to communicate better.,hope,none,positive reinforcement,shared,Great goal. Practice active listening and end with one action step.,Input: We want to communicate better. || Output: Great goal. Practice active listening and end with one action step.
BM00697,personal,husband,I miss how we used to talk calmly.,nostalgia,relationship distance,bonding suggestion,personal,Share a positive memory to reopen safe communication.,Input: I miss how we used to talk calmly. || Output: Share a positive memory to reopen safe communication.
BM00698,couple,both,One of us dominates the conversation.,frustration,communication imbalance,pattern reflection,shared,Balance speaking time and reflect what you heard before replying.,Input: One of us dominates the conversation. || Output: Balance speaking time and reflect what you heard before replying.
BM00699,personal,wife,Arguments make me anxious.,anxiety,anger escalation,calming strategy,personal,Ask for a break if the tone escalates.,Input: Arguments make me anxious. || Output: Ask for a break if the tone escalates.
BM00700,couple,both,We will listen without interrupting.,calm,argument control,action plan,shared,"Use a small, clear plan and follow it consistently.","Input: We will listen without interrupting. || Output: Use a small, clear plan and follow it consistently."
BM00701,personal,husband,I feel she does not listen when I try to explain.,sadness,communication gap,empathy,personal,It sounds like you feel unheard. Try expressing your needs calmly and clearly.,Input: I feel she does not listen when I try to explain. || Output: It sounds like you feel unheard. Try expressing your needs calmly and clearly.
BM00702,personal,wife,He gets defensive and I stop sharing.,frustration,defensive behavior,reflection,personal,You are noticing a pattern that blocks sharing. Pause and reset the tone before continuing.,Input: He gets defensive and I stop sharing. || Output: You are noticing a pattern that blocks sharing. Pause and reset the tone before continuing.
BM00703,couple,both,We keep arguing about the same issue.,frustration,recurring conflict,de-escalation,shared,This seems repeated. Focus on one issue and avoid past topics for now.,Input: We keep arguing about the same issue. || Output: This seems repeated. Focus on one issue and avoid past topics for now.
BM00704,personal,husband,Work stress made me speak harshly.,guilt,stress spillover,accountability coaching,personal,Recognize your part and plan how to manage stress before conversations.,Input: Work stress made me speak harshly. || Output: Recognize your part and plan how to manage stress before conversations.
BM00705,personal,wife,I feel excluded from important decisions.,hurt,trust issue,validation,personal,Your concern is understandable. Ask for regular check-ins on decisions.,Input: I feel excluded from important decisions. || Output: Your concern is understandable. Ask for regular check-ins on decisions.
BM00706,couple,both,We want to communicate better.,hope,none,positive reinforcement,shared,Build on this by checking in regularly and keeping respect.,Input: We want to communicate better. || Output: Build on this by checking in regularly and keeping respect.
BM00707,personal,husband,I miss how we used to talk calmly.,nostalgia,relationship distance,bonding suggestion,personal,Share a positive memory to reopen safe communication.,Input: I miss how we used to talk calmly. || Output: Share a positive memory to reopen safe communication.
BM00708,couple,both,One of us dominates the conversation.,frustration,communication imbalance,pattern reflection,shared,Balance speaking time and reflect what you heard before replying.,Input: One of us dominates the conversation. || Output: Balance speaking time and reflect what you heard before replying.
BM00709,personal,wife,Arguments make me anxious.,anxiety,anger escalation,calming strategy,personal,Ask for a break if the tone escalates.,Input: Arguments make me anxious. || Output: Ask for a break if the tone escalates.
BM00710,couple,both,We will listen without interrupting.,calm,argument control,action plan,shared,"Keep the rule simple: one speaks, one listens, then summarize.","Input: We will listen without interrupting. || Output: Keep the rule simple: one speaks, one listens, then summarize."
BM00711,personal,husband,I feel she does not listen when I try to explain.,sadness,communication gap,empathy,personal,It sounds like you feel unheard. Try expressing your needs calmly and clearly.,Input: I feel she does not listen when I try to explain. || Output: It sounds like you feel unheard. Try expressing your needs calmly and clearly.
BM00712,personal,wife,He gets defensive and I stop sharing.,frustration,defensive behavior,reflection,personal,You are noticing a pattern that blocks sharing. Pause and reset the tone before continuing.,Input: He gets defensive and I stop sharing. || Output: You are noticing a pattern that blocks sharing. Pause and reset the tone before continuing.
BM00713,couple,both,We keep arguing about the same issue.,frustration,recurring conflict,de-escalation,shared,Slow the discussion and let each person speak fully before responding.,Input: We keep arguing about the same issue. || Output: Slow the discussion and let each person speak fully before responding.
BM00714,personal,husband,Work stress made me speak harshly.,guilt,stress spillover,accountability coaching,personal,Recognize your part and plan how to manage stress before conversations.,Input: Work stress made me speak harshly. || Output: Recognize your part and plan how to manage stress before conversations.
BM00715,personal,wife,I feel excluded from important decisions.,hurt,trust issue,validation,personal,Feeling excluded is valid. Explain why shared decisions matter to you.,Input: I feel excluded from important decisions. || Output: Feeling excluded is valid. Explain why shared decisions matter to you.
BM00716,couple,both,We want to communicate better.,hope,none,positive reinforcement,shared,Great goal. Practice active listening and end with one action step.,Input: We want to communicate better. || Output: Great goal. Practice active listening and end with one action step.
BM00717,personal,husband,I miss how we used to talk calmly.,nostalgia,relationship distance,bonding suggestion,personal,Plan a calm activity together to rebuild connection.,Input: I miss how we used to talk calmly. || Output: Plan a calm activity together to rebuild connection.
BM00718,couple,both,One of us dominates the conversation.,frustration,communication imbalance,pattern reflection,shared,Use turn-taking to make the conversation fair.,Input: One of us dominates the conversation. || Output: Use turn-taking to make the conversation fair.
BM00719,personal,wife,Arguments make me anxious.,anxiety,anger escalation,calming strategy,personal,Ask for a break if the tone escalates.,Input: Arguments make me anxious. || Output: Ask for a break if the tone escalates.
BM00720,couple,both,We will listen without interrupting.,calm,argument control,action plan,shared,"Keep the rule simple: one speaks, one listens, then summarize.","Input: We will listen without interrupting. || Output: Keep the rule simple: one speaks, one listens, then summarize."
BM00721,personal,husband,I feel she does not listen when I try to explain.,sadness,communication gap,empathy,personal,Feeling ignored can hurt. Ask for a calm moment and state one specific need.,Input: I feel she does not listen when I try to explain. || Output: Feeling ignored can hurt. Ask for a calm moment and state one specific need.
BM00722,personal,wife,He gets defensive and I stop sharing.,frustration,defensive behavior,reflection,personal,You are noticing a pattern that blocks sharing. Pause and reset the tone before continuing.,Input: He gets defensive and I stop sharing. || Output: You are noticing a pattern that blocks sharing. Pause and reset the tone before continuing.
BM00723,couple,both,We keep arguing about the same issue.,frustration,recurring conflict,de-escalation,shared,Slow the discussion and let each person speak fully before responding.,Input: We keep arguing about the same issue. || Output: Slow the discussion and let each person speak fully before responding.
BM00724,personal,husband,Work stress made me speak harshly.,guilt,stress spillover,accountability coaching,personal,Recognize your part and plan how to manage stress before conversations.,Input: Work stress made me speak harshly. || Output: Recognize your part and plan how to manage stress before conversations.
BM00725,personal,wife,I feel excluded from important decisions.,hurt,trust issue,validation,personal,Feeling excluded is valid. Explain why shared decisions matter to you.,Input: I feel excluded from important decisions. || Output: Feeling excluded is valid. Explain why shared decisions matter to you.
BM00726,couple,both,We want to communicate better.,hope,none,positive reinforcement,shared,Build on this by checking in regularly and keeping respect.,Input: We want to communicate better. || Output: Build on this by checking in regularly and keeping respect.
BM00727,personal,husband,I miss how we used to talk calmly.,nostalgia,relationship distance,bonding suggestion,personal,Plan a calm activity together to rebuild connection.,Input: I miss how we used to talk calmly. || Output: Plan a calm activity together to rebuild connection.
BM00728,couple,both,One of us dominates the conversation.,frustration,communication imbalance,pattern reflection,shared,Use turn-taking to make the conversation fair.,Input: One of us dominates the conversation. || Output: Use turn-taking to make the conversation fair.
BM00729,personal,wife,Arguments make me anxious.,anxiety,anger escalation,calming strategy,personal,Ask for a break if the tone escalates.,Input: Arguments make me anxious. || Output: Ask for a break if the tone escalates.
BM00730,couple,both,We will listen without interrupting.,calm,argument control,action plan,shared,"Use a small, clear plan and follow it consistently.","Input: We will listen without interrupting. || Output: Use a small, clear plan and follow it consistently."
BM00731,personal,husband,I feel she does not listen when I try to explain.,sadness,communication gap,empathy,personal,Feeling ignored can hurt. Ask for a calm moment and state one specific need.,Input: I feel she does not listen when I try to explain. || Output: Feeling ignored can hurt. Ask for a calm moment and state one specific need.
BM00732,personal,wife,He gets defensive and I stop sharing.,frustration,defensive behavior,reflection,personal,You are noticing a pattern that blocks sharing. Pause and reset the tone before continuing.,Input: He gets defensive and I stop sharing. || Output: You are noticing a pattern that blocks sharing. Pause and reset the tone before continuing.
BM00733,couple,both,We keep arguing about the same issue.,frustration,recurring conflict,de-escalation,shared,This seems repeated. Focus on one issue and avoid past topics for now.,Input: We keep arguing about the same issue. || Output: This seems repeated. Focus on one issue and avoid past topics for now.
BM00734,personal,husband,Work stress made me speak harshly.,guilt,stress spillover,accountability coaching,personal,Recognize your part and plan how to manage stress before conversations.,Input: Work stress made me speak harshly. || Output: Recognize your part and plan how to manage stress before conversations.
BM00735,personal,wife,I feel excluded from important decisions.,hurt,trust issue,validation,personal,Feeling excluded is valid. Explain why shared decisions matter to you.,Input: I feel excluded from important decisions. || Output: Feeling excluded is valid. Explain why shared decisions matter to you.
BM00736,couple,both,We want to communicate better.,hope,none,positive reinforcement,shared,Great goal. Practice active listening and end with one action step.,Input: We want to communicate better. || Output: Great goal. Practice active listening and end with one action step.
BM00737,personal,husband,I miss how we used to talk calmly.,nostalgia,relationship distance,bonding suggestion,personal,Share a positive memory to reopen safe communication.,Input: I miss how we used to talk calmly. || Output: Share a positive memory to reopen safe communication.
BM00738,couple,both,One of us dominates the conversation.,frustration,communication imbalance,pattern reflection,shared,Balance speaking time and reflect what you heard before replying.,Input: One of us dominates the conversation. || Output: Balance speaking time and reflect what you heard before replying.
BM00739,personal,wife,Arguments make me anxious.,anxiety,anger escalation,calming strategy,personal,Ask for a break if the tone escalates.,Input: Arguments make me anxious. || Output: Ask for a break if the tone escalates.
BM00740,couple,both,We will listen without interrupting.,calm,argument control,action plan,shared,"Keep the rule simple: one speaks, one listens, then summarize.","Input: We will listen without interrupting. || Output: Keep the rule simple: one speaks, one listens, then summarize."
BM00741,personal,husband,I feel she does not listen when I try to explain.,sadness,communication gap,empathy,personal,It sounds like you feel unheard. Try expressing your needs calmly and clearly.,Input: I feel she does not listen when I try to explain. || Output: It sounds like you feel unheard. Try expressing your needs calmly and clearly.
BM00742,personal,wife,He gets defensive and I stop sharing.,frustration,defensive behavior,reflection,personal,This pattern suggests tension. Try choosing a calmer time to talk.,Input: He gets defensive and I stop sharing. || Output: This pattern suggests tension. Try choosing a calmer time to talk.
BM00743,couple,both,We keep arguing about the same issue.,frustration,recurring conflict,de-escalation,shared,This seems repeated. Focus on one issue and avoid past topics for now.,Input: We keep arguing about the same issue. || Output: This seems repeated. Focus on one issue and avoid past topics for now.
BM00744,personal,husband,Work stress made me speak harshly.,guilt,stress spillover,accountability coaching,personal,Recognize your part and plan how to manage stress before conversations.,Input: Work stress made me speak harshly. || Output: Recognize your part and plan how to manage stress before conversations.
BM00745,personal,wife,I feel excluded from important decisions.,hurt,trust issue,validation,personal,Your concern is understandable. Ask for regular check-ins on decisions.,Input: I feel excluded from important decisions. || Output: Your concern is understandable. Ask for regular check-ins on decisions.
BM00746,couple,both,We want to communicate better.,hope,none,positive reinforcement,shared,Great goal. Practice active listening and end with one action step.,Input: We want to communicate better. || Output: Great goal. Practice active listening and end with one action step.
BM00747,personal,husband,I miss how we used to talk calmly.,nostalgia,relationship distance,bonding suggestion,personal,Share a positive memory to reopen safe communication.,Input: I miss how we used to talk calmly. || Output: Share a positive memory to reopen safe communication.
BM00748,couple,both,One of us dominates the conversation.,frustration,communication imbalance,pattern reflection,shared,Balance speaking time and reflect what you heard before replying.,Input: One of us dominates the conversation. || Output: Balance speaking time and reflect what you heard before replying.
BM00749,personal,wife,Arguments make me anxious.,anxiety,anger escalation,calming strategy,personal,Take a short pause and use slow breathing before continuing.,Input: Arguments make me anxious. || Output: Take a short pause and use slow breathing before continuing.
BM00750,couple,both,We will listen without interrupting.,calm,argument control,action plan,shared,"Use a small, clear plan and follow it consistently.","Input: We will listen without interrupting. || Output: Use a small, clear plan and follow it consistently."
BM00751,personal,husband,I feel she does not listen when I try to explain.,sadness,communication gap,empathy,personal,Feeling ignored can hurt. Ask for a calm moment and state one specific need.,Input: I feel she does not listen when I try to explain. || Output: Feeling ignored can hurt. Ask for a calm moment and state one specific need.
BM00752,personal,wife,He gets defensive and I stop sharing.,frustration,defensive behavior,reflection,personal,You are noticing a pattern that blocks sharing. Pause and reset the tone before continuing.,Input: He gets defensive and I stop sharing. || Output: You are noticing a pattern that blocks sharing. Pause and reset the tone before continuing.
BM00753,couple,both,We keep arguing about the same issue.,frustration,recurring conflict,de-escalation,shared,This seems repeated. Focus on one issue and avoid past topics for now.,Input: We keep arguing about the same issue. || Output: This seems repeated. Focus on one issue and avoid past topics for now.
BM00754,personal,husband,Work stress made me speak harshly.,guilt,stress spillover,accountability coaching,personal,Recognize your part and plan how to manage stress before conversations.,Input: Work stress made me speak harshly. || Output: Recognize your part and plan how to manage stress before conversations.
BM00755,personal,wife,I feel excluded from important decisions.,hurt,trust issue,validation,personal,Feeling excluded is valid. Explain why shared decisions matter to you.,Input: I feel excluded from important decisions. || Output: Feeling excluded is valid. Explain why shared decisions matter to you.
BM00756,couple,both,We want to communicate better.,hope,none,positive reinforcement,shared,Great goal. Practice active listening and end with one action step.,Input: We want to communicate better. || Output: Great goal. Practice active listening and end with one action step.
BM00757,personal,husband,I miss how we used to talk calmly.,nostalgia,relationship distance,bonding suggestion,personal,Plan a calm activity together to rebuild connection.,Input: I miss how we used to talk calmly. || Output: Plan a calm activity together to rebuild connection.
BM00758,couple,both,One of us dominates the conversation.,frustration,communication imbalance,pattern reflection,shared,Balance speaking time and reflect what you heard before replying.,Input: One of us dominates the conversation. || Output: Balance speaking time and reflect what you heard before replying.
BM00759,personal,wife,Arguments make me anxious.,anxiety,anger escalation,calming strategy,personal,Ask for a break if the tone escalates.,Input: Arguments make me anxious. || Output: Ask for a break if the tone escalates.
BM00760,couple,both,We will listen without interrupting.,calm,argument control,action plan,shared,"Keep the rule simple: one speaks, one listens, then summarize.","Input: We will listen without interrupting. || Output: Keep the rule simple: one speaks, one listens, then summarize."
BM00761,personal,husband,I feel she does not listen when I try to explain.,sadness,communication gap,empathy,personal,It sounds like you feel unheard. Try expressing your needs calmly and clearly.,Input: I feel she does not listen when I try to explain. || Output: It sounds like you feel unheard. Try expressing your needs calmly and clearly.
BM00762,personal,wife,He gets defensive and I stop sharing.,frustration,defensive behavior,reflection,personal,You are noticing a pattern that blocks sharing. Pause and reset the tone before continuing.,Input: He gets defensive and I stop sharing. || Output: You are noticing a pattern that blocks sharing. Pause and reset the tone before continuing.
BM00763,couple,both,We keep arguing about the same issue.,frustration,recurring conflict,de-escalation,shared,Slow the discussion and let each person speak fully before responding.,Input: We keep arguing about the same issue. || Output: Slow the discussion and let each person speak fully before responding.
BM00764,personal,husband,Work stress made me speak harshly.,guilt,stress spillover,accountability coaching,personal,Recognize your part and plan how to manage stress before conversations.,Input: Work stress made me speak harshly. || Output: Recognize your part and plan how to manage stress before conversations.
BM00765,personal,wife,I feel excluded from important decisions.,hurt,trust issue,validation,personal,Your concern is understandable. Ask for regular check-ins on decisions.,Input: I feel excluded from important decisions. || Output: Your concern is understandable. Ask for regular check-ins on decisions.
BM00766,couple,both,We want to communicate better.,hope,none,positive reinforcement,shared,Great goal. Practice active listening and end with one action step.,Input: We want to communicate better. || Output: Great goal. Practice active listening and end with one action step.
BM00767,personal,husband,I miss how we used to talk calmly.,nostalgia,relationship distance,bonding suggestion,personal,Plan a calm activity together to rebuild connection.,Input: I miss how we used to talk calmly. || Output: Plan a calm activity together to rebuild connection.
BM00768,couple,both,One of us dominates the conversation.,frustration,communication imbalance,pattern reflection,shared,Balance speaking time and reflect what you heard before replying.,Input: One of us dominates the conversation. || Output: Balance speaking time and reflect what you heard before replying.
BM00769,personal,wife,Arguments make me anxious.,anxiety,anger escalation,calming strategy,personal,Ask for a break if the tone escalates.,Input: Arguments make me anxious. || Output: Ask for a break if the tone escalates.
BM00770,couple,both,We will listen without interrupting.,calm,argument control,action plan,shared,"Keep the rule simple: one speaks, one listens, then summarize.","Input: We will listen without interrupting. || Output: Keep the rule simple: one speaks, one listens, then summarize."
BM00771,personal,husband,I feel she does not listen when I try to explain.,sadness,communication gap,empathy,personal,It sounds like you feel unheard. Try expressing your needs calmly and clearly.,Input: I feel she does not listen when I try to explain. || Output: It sounds like you feel unheard. Try expressing your needs calmly and clearly.
BM00772,personal,wife,He gets defensive and I stop sharing.,frustration,defensive behavior,reflection,personal,This pattern suggests tension. Try choosing a calmer time to talk.,Input: He gets defensive and I stop sharing. || Output: This pattern suggests tension. Try choosing a calmer time to talk.
BM00773,couple,both,We keep arguing about the same issue.,frustration,recurring conflict,de-escalation,shared,This seems repeated. Focus on one issue and avoid past topics for now.,Input: We keep arguing about the same issue. || Output: This seems repeated. Focus on one issue and avoid past topics for now.
BM00774,personal,husband,Work stress made me speak harshly.,guilt,stress spillover,accountability coaching,personal,Recognize your part and plan how to manage stress before conversations.,Input: Work stress made me speak harshly. || Output: Recognize your part and plan how to manage stress before conversations.
BM00775,personal,wife,I feel excluded from important decisions.,hurt,trust issue,validation,personal,Your concern is understandable. Ask for regular check-ins on decisions.,Input: I feel excluded from important decisions. || Output: Your concern is understandable. Ask for regular check-ins on decisions.
BM00776,couple,both,We want to communicate better.,hope,none,positive reinforcement,shared,Build on this by checking in regularly and keeping respect.,Input: We want to communicate better. || Output: Build on this by checking in regularly and keeping respect.
BM00777,personal,husband,I miss how we used to talk calmly.,nostalgia,relationship distance,bonding suggestion,personal,Share a positive memory to reopen safe communication.,Input: I miss how we used to talk calmly. || Output: Share a positive memory to reopen safe communication.
BM00778,couple,both,One of us dominates the conversation.,frustration,communication imbalance,pattern reflection,shared,Use turn-taking to make the conversation fair.,Input: One of us dominates the conversation. || Output: Use turn-taking to make the conversation fair.
BM00779,personal,wife,Arguments make me anxious.,anxiety,anger escalation,calming strategy,personal,Take a short pause and use slow breathing before continuing.,Input: Arguments make me anxious. || Output: Take a short pause and use slow breathing before continuing.
BM00780,couple,both,We will listen without interrupting.,calm,argument control,action plan,shared,"Keep the rule simple: one speaks, one listens, then summarize.","Input: We will listen without interrupting. || Output: Keep the rule simple: one speaks, one listens, then summarize."
BM00781,personal,husband,I feel she does not listen when I try to explain.,sadness,communication gap,empathy,personal,It sounds like you feel unheard. Try expressing your needs calmly and clearly.,Input: I feel she does not listen when I try to explain. || Output: It sounds like you feel unheard. Try expressing your needs calmly and clearly.
BM00782,personal,wife,He gets defensive and I stop sharing.,frustration,defensive behavior,reflection,personal,You are noticing a pattern that blocks sharing. Pause and reset the tone before continuing.,Input: He gets defensive and I stop sharing. || Output: You are noticing a pattern that blocks sharing. Pause and reset the tone before continuing.
BM00783,couple,both,We keep arguing about the same issue.,frustration,recurring conflict,de-escalation,shared,Slow the discussion and let each person speak fully before responding.,Input: We keep arguing about the same issue. || Output: Slow the discussion and let each person speak fully before responding.
BM00784,personal,husband,Work stress made me speak harshly.,guilt,stress spillover,accountability coaching,personal,"Acknowledge the tone, apologize, and commit to a calmer response next time.","Input: Work stress made me speak harshly. || Output: Acknowledge the tone, apologize, and commit to a calmer response next time."
BM00785,personal,wife,I feel excluded from important decisions.,hurt,trust issue,validation,personal,Your concern is understandable. Ask for regular check-ins on decisions.,Input: I feel excluded from important decisions. || Output: Your concern is understandable. Ask for regular check-ins on decisions.
BM00786,couple,both,We want to communicate better.,hope,none,positive reinforcement,shared,Build on this by checking in regularly and keeping respect.,Input: We want to communicate better. || Output: Build on this by checking in regularly and keeping respect.
BM00787,personal,husband,I miss how we used to talk calmly.,nostalgia,relationship distance,bonding suggestion,personal,Plan a calm activity together to rebuild connection.,Input: I miss how we used to talk calmly. || Output: Plan a calm activity together to rebuild connection.
BM00788,couple,both,One of us dominates the conversation.,frustration,communication imbalance,pattern reflection,shared,Balance speaking time and reflect what you heard before replying.,Input: One of us dominates the conversation. || Output: Balance speaking time and reflect what you heard before replying.
BM00789,personal,wife,Arguments make me anxious.,anxiety,anger escalation,calming strategy,personal,Ask for a break if the tone escalates.,Input: Arguments make me anxious. || Output: Ask for a break if the tone escalates.
BM00790,couple,both,We will listen without interrupting.,calm,argument control,action plan,shared,"Use a small, clear plan and follow it consistently.","Input: We will listen without interrupting. || Output: Use a small, clear plan and follow it consistently."
BM00791,personal,husband,I feel she does not listen when I try to explain.,sadness,communication gap,empathy,personal,Feeling ignored can hurt. Ask for a calm moment and state one specific need.,Input: I feel she does not listen when I try to explain. || Output: Feeling ignored can hurt. Ask for a calm moment and state one specific need.
BM00792,personal,wife,He gets defensive and I stop sharing.,frustration,defensive behavior,reflection,personal,This pattern suggests tension. Try choosing a calmer time to talk.,Input: He gets defensive and I stop sharing. || Output: This pattern suggests tension. Try choosing a calmer time to talk.
BM00793,couple,both,We keep arguing about the same issue.,frustration,recurring conflict,de-escalation,shared,This seems repeated. Focus on one issue and avoid past topics for now.,Input: We keep arguing about the same issue. || Output: This seems repeated. Focus on one issue and avoid past topics for now.
BM00794,personal,husband,Work stress made me speak harshly.,guilt,stress spillover,accountability coaching,personal,"Acknowledge the tone, apologize, and commit to a calmer response next time.","Input: Work stress made me speak harshly. || Output: Acknowledge the tone, apologize, and commit to a calmer response next time."
BM00795,personal,wife,I feel excluded from important decisions.,hurt,trust issue,validation,personal,Your concern is understandable. Ask for regular check-ins on decisions.,Input: I feel excluded from important decisions. || Output: Your concern is understandable. Ask for regular check-ins on decisions.
BM00796,couple,both,We want to communicate better.,hope,none,positive reinforcement,shared,Great goal. Practice active listening and end with one action step.,Input: We want to communicate better. || Output: Great goal. Practice active listening and end with one action step.
BM00797,personal,husband,I miss how we used to talk calmly.,nostalgia,relationship distance,bonding suggestion,personal,Share a positive memory to reopen safe communication.,Input: I miss how we used to talk calmly. || Output: Share a positive memory to reopen safe communication.
BM00798,couple,both,One of us dominates the conversation.,frustration,communication imbalance,pattern reflection,shared,Use turn-taking to make the conversation fair.,Input: One of us dominates the conversation. || Output: Use turn-taking to make the conversation fair.
BM00799,personal,wife,Arguments make me anxious.,anxiety,anger escalation,calming strategy,personal,Take a short pause and use slow breathing before continuing.,Input: Arguments make me anxious. || Output: Take a short pause and use slow breathing before continuing.
BM00800,couple,both,We will listen without interrupting.,calm,argument control,action plan,shared,"Use a small, clear plan and follow it consistently.","Input: We will listen without interrupting. || Output: Use a small, clear plan and follow it consistently."
BM00801,personal,husband,I feel she does not listen when I try to explain.,sadness,communication gap,empathy,personal,Feeling ignored can hurt. Ask for a calm moment and state one specific need.,Input: I feel she does not listen when I try to explain. || Output: Feeling ignored can hurt. Ask for a calm moment and state one specific need.
BM00802,personal,wife,He gets defensive and I stop sharing.,frustration,defensive behavior,reflection,personal,This pattern suggests tension. Try choosing a calmer time to talk.,Input: He gets defensive and I stop sharing. || Output: This pattern suggests tension. Try choosing a calmer time to talk.
BM00803,couple,both,We keep arguing about the same issue.,frustration,recurring conflict,de-escalation,shared,This seems repeated. Focus on one issue and avoid past topics for now.,Input: We keep arguing about the same issue. || Output: This seems repeated. Focus on one issue and avoid past topics for now.
BM00804,personal,husband,Work stress made me speak harshly.,guilt,stress spillover,accountability coaching,personal,Recognize your part and plan how to manage stress before conversations.,Input: Work stress made me speak harshly. || Output: Recognize your part and plan how to manage stress before conversations.
BM00805,personal,wife,I feel excluded from important decisions.,hurt,trust issue,validation,personal,Feeling excluded is valid. Explain why shared decisions matter to you.,Input: I feel excluded from important decisions. || Output: Feeling excluded is valid. Explain why shared decisions matter to you.
BM00806,couple,both,We want to communicate better.,hope,none,positive reinforcement,shared,Build on this by checking in regularly and keeping respect.,Input: We want to communicate better. || Output: Build on this by checking in regularly and keeping respect.
BM00807,personal,husband,I miss how we used to talk calmly.,nostalgia,relationship distance,bonding suggestion,personal,Plan a calm activity together to rebuild connection.,Input: I miss how we used to talk calmly. || Output: Plan a calm activity together to rebuild connection.
BM00808,couple,both,One of us dominates the conversation.,frustration,communication imbalance,pattern reflection,shared,Use turn-taking to make the conversation fair.,Input: One of us dominates the conversation. || Output: Use turn-taking to make the conversation fair.
BM00809,personal,wife,Arguments make me anxious.,anxiety,anger escalation,calming strategy,personal,Take a short pause and use slow breathing before continuing.,Input: Arguments make me anxious. || Output: Take a short pause and use slow breathing before continuing.
BM00810,couple,both,We will listen without interrupting.,calm,argument control,action plan,shared,"Use a small, clear plan and follow it consistently.","Input: We will listen without interrupting. || Output: Use a small, clear plan and follow it consistently."
BM00811,personal,husband,I feel she does not listen when I try to explain.,sadness,communication gap,empathy,personal,It sounds like you feel unheard. Try expressing your needs calmly and clearly.,Input: I feel she does not listen when I try to explain. || Output: It sounds like you feel unheard. Try expressing your needs calmly and clearly.
BM00812,personal,wife,He gets defensive and I stop sharing.,frustration,defensive behavior,reflection,personal,You are noticing a pattern that blocks sharing. Pause and reset the tone before continuing.,Input: He gets defensive and I stop sharing. || Output: You are noticing a pattern that blocks sharing. Pause and reset the tone before continuing.
BM00813,couple,both,We keep arguing about the same issue.,frustration,recurring conflict,de-escalation,shared,Slow the discussion and let each person speak fully before responding.,Input: We keep arguing about the same issue. || Output: Slow the discussion and let each person speak fully before responding.
BM00814,personal,husband,Work stress made me speak harshly.,guilt,stress spillover,accountability coaching,personal,"Acknowledge the tone, apologize, and commit to a calmer response next time.","Input: Work stress made me speak harshly. || Output: Acknowledge the tone, apologize, and commit to a calmer response next time."
BM00815,personal,wife,I feel excluded from important decisions.,hurt,trust issue,validation,personal,Feeling excluded is valid. Explain why shared decisions matter to you.,Input: I feel excluded from important decisions. || Output: Feeling excluded is valid. Explain why shared decisions matter to you.
BM00816,couple,both,We want to communicate better.,hope,none,positive reinforcement,shared,Build on this by checking in regularly and keeping respect.,Input: We want to communicate better. || Output: Build on this by checking in regularly and keeping respect.
BM00817,personal,husband,I miss how we used to talk calmly.,nostalgia,relationship distance,bonding suggestion,personal,Share a positive memory to reopen safe communication.,Input: I miss how we used to talk calmly. || Output: Share a positive memory to reopen safe communication.
BM00818,couple,both,One of us dominates the conversation.,frustration,communication imbalance,pattern reflection,shared,Use turn-taking to make the conversation fair.,Input: One of us dominates the conversation. || Output: Use turn-taking to make the conversation fair.
BM00819,personal,wife,Arguments make me anxious.,anxiety,anger escalation,calming strategy,personal,Ask for a break if the tone escalates.,Input: Arguments make me anxious. || Output: Ask for a break if the tone escalates.
BM00820,couple,both,We will listen without interrupting.,calm,argument control,action plan,shared,"Keep the rule simple: one speaks, one listens, then summarize.","Input: We will listen without interrupting. || Output: Keep the rule simple: one speaks, one listens, then summarize."
BM00821,personal,husband,I feel she does not listen when I try to explain.,sadness,communication gap,empathy,personal,Feeling ignored can hurt. Ask for a calm moment and state one specific need.,Input: I feel she does not listen when I try to explain. || Output: Feeling ignored can hurt. Ask for a calm moment and state one specific need.
BM00822,personal,wife,He gets defensive and I stop sharing.,frustration,defensive behavior,reflection,personal,This pattern suggests tension. Try choosing a calmer time to talk.,Input: He gets defensive and I stop sharing. || Output: This pattern suggests tension. Try choosing a calmer time to talk.
BM00823,couple,both,We keep arguing about the same issue.,frustration,recurring conflict,de-escalation,shared,Slow the discussion and let each person speak fully before responding.,Input: We keep arguing about the same issue. || Output: Slow the discussion and let each person speak fully before responding.
BM00824,personal,husband,Work stress made me speak harshly.,guilt,stress spillover,accountability coaching,personal,Recognize your part and plan how to manage stress before conversations.,Input: Work stress made me speak harshly. || Output: Recognize your part and plan how to manage stress before conversations.
BM00825,personal,wife,I feel excluded from important decisions.,hurt,trust issue,validation,personal,Feeling excluded is valid. Explain why shared decisions matter to you.,Input: I feel excluded from important decisions. || Output: Feeling excluded is valid. Explain why shared decisions matter to you.
BM00826,couple,both,We want to communicate better.,hope,none,positive reinforcement,shared,Great goal. Practice active listening and end with one action step.,Input: We want to communicate better. || Output: Great goal. Practice active listening and end with one action step.
BM00827,personal,husband,I miss how we used to talk calmly.,nostalgia,relationship distance,bonding suggestion,personal,Plan a calm activity together to rebuild connection.,Input: I miss how we used to talk calmly. || Output: Plan a calm activity together to rebuild connection.
BM00828,couple,both,One of us dominates the conversation.,frustration,communication imbalance,pattern reflection,shared,Balance speaking time and reflect what you heard before replying.,Input: One of us dominates the conversation. || Output: Balance speaking time and reflect what you heard before replying.
BM00829,personal,wife,Arguments make me anxious.,anxiety,anger escalation,calming strategy,personal,Take a short pause and use slow breathing before continuing.,Input: Arguments make me anxious. || Output: Take a short pause and use slow breathing before continuing.
BM00830,couple,both,We will listen without interrupting.,calm,argument control,action plan,shared,"Use a small, clear plan and follow it consistently.","Input: We will listen without interrupting. || Output: Use a small, clear plan and follow it consistently."
BM00831,personal,husband,I feel she does not listen when I try to explain.,sadness,communication gap,empathy,personal,Feeling ignored can hurt. Ask for a calm moment and state one specific need.,Input: I feel she does not listen when I try to explain. || Output: Feeling ignored can hurt. Ask for a calm moment and state one specific need.
BM00832,personal,wife,He gets defensive and I stop sharing.,frustration,defensive behavior,reflection,personal,This pattern suggests tension. Try choosing a calmer time to talk.,Input: He gets defensive and I stop sharing. || Output: This pattern suggests tension. Try choosing a calmer time to talk.
BM00833,couple,both,We keep arguing about the same issue.,frustration,recurring conflict,de-escalation,shared,Slow the discussion and let each person speak fully before responding.,Input: We keep arguing about the same issue. || Output: Slow the discussion and let each person speak fully before responding.
BM00834,personal,husband,Work stress made me speak harshly.,guilt,stress spillover,accountability coaching,personal,Recognize your part and plan how to manage stress before conversations.,Input: Work stress made me speak harshly. || Output: Recognize your part and plan how to manage stress before conversations.
BM00835,personal,wife,I feel excluded from important decisions.,hurt,trust issue,validation,personal,Your concern is understandable. Ask for regular check-ins on decisions.,Input: I feel excluded from important decisions. || Output: Your concern is understandable. Ask for regular check-ins on decisions.
BM00836,couple,both,We want to communicate better.,hope,none,positive reinforcement,shared,Great goal. Practice active listening and end with one action step.,Input: We want to communicate better. || Output: Great goal. Practice active listening and end with one action step.
BM00837,personal,husband,I miss how we used to talk calmly.,nostalgia,relationship distance,bonding suggestion,personal,Share a positive memory to reopen safe communication.,Input: I miss how we used to talk calmly. || Output: Share a positive memory to reopen safe communication.
BM00838,couple,both,One of us dominates the conversation.,frustration,communication imbalance,pattern reflection,shared,Balance speaking time and reflect what you heard before replying.,Input: One of us dominates the conversation. || Output: Balance speaking time and reflect what you heard before replying.
BM00839,personal,wife,Arguments make me anxious.,anxiety,anger escalation,calming strategy,personal,Take a short pause and use slow breathing before continuing.,Input: Arguments make me anxious. || Output: Take a short pause and use slow breathing before continuing.
BM00840,couple,both,We will listen without interrupting.,calm,argument control,action plan,shared,"Use a small, clear plan and follow it consistently.","Input: We will listen without interrupting. || Output: Use a small, clear plan and follow it consistently."
BM00841,personal,husband,I feel she does not listen when I try to explain.,sadness,communication gap,empathy,personal,It sounds like you feel unheard. Try expressing your needs calmly and clearly.,Input: I feel she does not listen when I try to explain. || Output: It sounds like you feel unheard. Try expressing your needs calmly and clearly.
BM00842,personal,wife,He gets defensive and I stop sharing.,frustration,defensive behavior,reflection,personal,You are noticing a pattern that blocks sharing. Pause and reset the tone before continuing.,Input: He gets defensive and I stop sharing. || Output: You are noticing a pattern that blocks sharing. Pause and reset the tone before continuing.
BM00843,couple,both,We keep arguing about the same issue.,frustration,recurring conflict,de-escalation,shared,Slow the discussion and let each person speak fully before responding.,Input: We keep arguing about the same issue. || Output: Slow the discussion and let each person speak fully before responding.
BM00844,personal,husband,Work stress made me speak harshly.,guilt,stress spillover,accountability coaching,personal,Recognize your part and plan how to manage stress before conversations.,Input: Work stress made me speak harshly. || Output: Recognize your part and plan how to manage stress before conversations.
BM00845,personal,wife,I feel excluded from important decisions.,hurt,trust issue,validation,personal,Your concern is understandable. Ask for regular check-ins on decisions.,Input: I feel excluded from important decisions. || Output: Your concern is understandable. Ask for regular check-ins on decisions.
BM00846,couple,both,We want to communicate better.,hope,none,positive reinforcement,shared,Build on this by checking in regularly and keeping respect.,Input: We want to communicate better. || Output: Build on this by checking in regularly and keeping respect.
BM00847,personal,husband,I miss how we used to talk calmly.,nostalgia,relationship distance,bonding suggestion,personal,Plan a calm activity together to rebuild connection.,Input: I miss how we used to talk calmly. || Output: Plan a calm activity together to rebuild connection.
BM00848,couple,both,One of us dominates the conversation.,frustration,communication imbalance,pattern reflection,shared,Balance speaking time and reflect what you heard before replying.,Input: One of us dominates the conversation. || Output: Balance speaking time and reflect what you heard before replying.
BM00849,personal,wife,Arguments make me anxious.,anxiety,anger escalation,calming strategy,personal,Ask for a break if the tone escalates.,Input: Arguments make me anxious. || Output: Ask for a break if the tone escalates.
BM00850,couple,both,We will listen without interrupting.,calm,argument control,action plan,shared,"Keep the rule simple: one speaks, one listens, then summarize.","Input: We will listen without interrupting. || Output: Keep the rule simple: one speaks, one listens, then summarize."
BM00851,personal,husband,I feel she does not listen when I try to explain.,sadness,communication gap,empathy,personal,It sounds like you feel unheard. Try expressing your needs calmly and clearly.,Input: I feel she does not listen when I try to explain. || Output: It sounds like you feel unheard. Try expressing your needs calmly and clearly.
BM00852,personal,wife,He gets defensive and I stop sharing.,frustration,defensive behavior,reflection,personal,This pattern suggests tension. Try choosing a calmer time to talk.,Input: He gets defensive and I stop sharing. || Output: This pattern suggests tension. Try choosing a calmer time to talk.
BM00853,couple,both,We keep arguing about the same issue.,frustration,recurring conflict,de-escalation,shared,This seems repeated. Focus on one issue and avoid past topics for now.,Input: We keep arguing about the same issue. || Output: This seems repeated. Focus on one issue and avoid past topics for now.
BM00854,personal,husband,Work stress made me speak harshly.,guilt,stress spillover,accountability coaching,personal,"Acknowledge the tone, apologize, and commit to a calmer response next time.","Input: Work stress made me speak harshly. || Output: Acknowledge the tone, apologize, and commit to a calmer response next time."
BM00855,personal,wife,I feel excluded from important decisions.,hurt,trust issue,validation,personal,Your concern is understandable. Ask for regular check-ins on decisions.,Input: I feel excluded from important decisions. || Output: Your concern is understandable. Ask for regular check-ins on decisions.
BM00856,couple,both,We want to communicate better.,hope,none,positive reinforcement,shared,Build on this by checking in regularly and keeping respect.,Input: We want to communicate better. || Output: Build on this by checking in regularly and keeping respect.
BM00857,personal,husband,I miss how we used to talk calmly.,nostalgia,relationship distance,bonding suggestion,personal,Plan a calm activity together to rebuild connection.,Input: I miss how we used to talk calmly. || Output: Plan a calm activity together to rebuild connection.
BM00858,couple,both,One of us dominates the conversation.,frustration,communication imbalance,pattern reflection,shared,Use turn-taking to make the conversation fair.,Input: One of us dominates the conversation. || Output: Use turn-taking to make the conversation fair.
BM00859,personal,wife,Arguments make me anxious.,anxiety,anger escalation,calming strategy,personal,Take a short pause and use slow breathing before continuing.,Input: Arguments make me anxious. || Output: Take a short pause and use slow breathing before continuing.
BM00860,couple,both,We will listen without interrupting.,calm,argument control,action plan,shared,"Keep the rule simple: one speaks, one listens, then summarize.","Input: We will listen without interrupting. || Output: Keep the rule simple: one speaks, one listens, then summarize."
BM00861,personal,husband,I feel she does not listen when I try to explain.,sadness,communication gap,empathy,personal,Feeling ignored can hurt. Ask for a calm moment and state one specific need.,Input: I feel she does not listen when I try to explain. || Output: Feeling ignored can hurt. Ask for a calm moment and state one specific need.
BM00862,personal,wife,He gets defensive and I stop sharing.,frustration,defensive behavior,reflection,personal,You are noticing a pattern that blocks sharing. Pause and reset the tone before continuing.,Input: He gets defensive and I stop sharing. || Output: You are noticing a pattern that blocks sharing. Pause and reset the tone before continuing.
BM00863,couple,both,We keep arguing about the same issue.,frustration,recurring conflict,de-escalation,shared,This seems repeated. Focus on one issue and avoid past topics for now.,Input: We keep arguing about the same issue. || Output: This seems repeated. Focus on one issue and avoid past topics for now.
BM00864,personal,husband,Work stress made me speak harshly.,guilt,stress spillover,accountability coaching,personal,"Acknowledge the tone, apologize, and commit to a calmer response next time.","Input: Work stress made me speak harshly. || Output: Acknowledge the tone, apologize, and commit to a calmer response next time."
BM00865,personal,wife,I feel excluded from important decisions.,hurt,trust issue,validation,personal,Your concern is understandable. Ask for regular check-ins on decisions.,Input: I feel excluded from important decisions. || Output: Your concern is understandable. Ask for regular check-ins on decisions.
BM00866,couple,both,We want to communicate better.,hope,none,positive reinforcement,shared,Build on this by checking in regularly and keeping respect.,Input: We want to communicate better. || Output: Build on this by checking in regularly and keeping respect.
BM00867,personal,husband,I miss how we used to talk calmly.,nostalgia,relationship distance,bonding suggestion,personal,Share a positive memory to reopen safe communication.,Input: I miss how we used to talk calmly. || Output: Share a positive memory to reopen safe communication.
BM00868,couple,both,One of us dominates the conversation.,frustration,communication imbalance,pattern reflection,shared,Balance speaking time and reflect what you heard before replying.,Input: One of us dominates the conversation. || Output: Balance speaking time and reflect what you heard before replying.
BM00869,personal,wife,Arguments make me anxious.,anxiety,anger escalation,calming strategy,personal,Take a short pause and use slow breathing before continuing.,Input: Arguments make me anxious. || Output: Take a short pause and use slow breathing before continuing.
BM00870,couple,both,We will listen without interrupting.,calm,argument control,action plan,shared,"Keep the rule simple: one speaks, one listens, then summarize.","Input: We will listen without interrupting. || Output: Keep the rule simple: one speaks, one listens, then summarize."
BM00871,personal,husband,I feel she does not listen when I try to explain.,sadness,communication gap,empathy,personal,Feeling ignored can hurt. Ask for a calm moment and state one specific need.,Input: I feel she does not listen when I try to explain. || Output: Feeling ignored can hurt. Ask for a calm moment and state one specific need.
BM00872,personal,wife,He gets defensive and I stop sharing.,frustration,defensive behavior,reflection,personal,This pattern suggests tension. Try choosing a calmer time to talk.,Input: He gets defensive and I stop sharing. || Output: This pattern suggests tension. Try choosing a calmer time to talk.
BM00873,couple,both,We keep arguing about the same issue.,frustration,recurring conflict,de-escalation,shared,This seems repeated. Focus on one issue and avoid past topics for now.,Input: We keep arguing about the same issue. || Output: This seems repeated. Focus on one issue and avoid past topics for now.
BM00874,personal,husband,Work stress made me speak harshly.,guilt,stress spillover,accountability coaching,personal,"Acknowledge the tone, apologize, and commit to a calmer response next time.","Input: Work stress made me speak harshly. || Output: Acknowledge the tone, apologize, and commit to a calmer response next time."
BM00875,personal,wife,I feel excluded from important decisions.,hurt,trust issue,validation,personal,Your concern is understandable. Ask for regular check-ins on decisions.,Input: I feel excluded from important decisions. || Output: Your concern is understandable. Ask for regular check-ins on decisions.
BM00876,couple,both,We want to communicate better.,hope,none,positive reinforcement,shared,Build on this by checking in regularly and keeping respect.,Input: We want to communicate better. || Output: Build on this by checking in regularly and keeping respect.
BM00877,personal,husband,I miss how we used to talk calmly.,nostalgia,relationship distance,bonding suggestion,personal,Share a positive memory to reopen safe communication.,Input: I miss how we used to talk calmly. || Output: Share a positive memory to reopen safe communication.
BM00878,couple,both,One of us dominates the conversation.,frustration,communication imbalance,pattern reflection,shared,Use turn-taking to make the conversation fair.,Input: One of us dominates the conversation. || Output: Use turn-taking to make the conversation fair.
BM00879,personal,wife,Arguments make me anxious.,anxiety,anger escalation,calming strategy,personal,Ask for a break if the tone escalates.,Input: Arguments make me anxious. || Output: Ask for a break if the tone escalates.
BM00880,couple,both,We will listen without interrupting.,calm,argument control,action plan,shared,"Use a small, clear plan and follow it consistently.","Input: We will listen without interrupting. || Output: Use a small, clear plan and follow it consistently."
BM00881,personal,husband,I feel she does not listen when I try to explain.,sadness,communication gap,empathy,personal,Feeling ignored can hurt. Ask for a calm moment and state one specific need.,Input: I feel she does not listen when I try to explain. || Output: Feeling ignored can hurt. Ask for a calm moment and state one specific need.
BM00882,personal,wife,He gets defensive and I stop sharing.,frustration,defensive behavior,reflection,personal,You are noticing a pattern that blocks sharing. Pause and reset the tone before continuing.,Input: He gets defensive and I stop sharing. || Output: You are noticing a pattern that blocks sharing. Pause and reset the tone before continuing.
BM00883,couple,both,We keep arguing about the same issue.,frustration,recurring conflict,de-escalation,shared,Slow the discussion and let each person speak fully before responding.,Input: We keep arguing about the same issue. || Output: Slow the discussion and let each person speak fully before responding.
BM00884,personal,husband,Work stress made me speak harshly.,guilt,stress spillover,accountability coaching,personal,"Acknowledge the tone, apologize, and commit to a calmer response next time.","Input: Work stress made me speak harshly. || Output: Acknowledge the tone, apologize, and commit to a calmer response next time."
BM00885,personal,wife,I feel excluded from important decisions.,hurt,trust issue,validation,personal,Feeling excluded is valid. Explain why shared decisions matter to you.,Input: I feel excluded from important decisions. || Output: Feeling excluded is valid. Explain why shared decisions matter to you.
BM00886,couple,both,We want to communicate better.,hope,none,positive reinforcement,shared,Great goal. Practice active listening and end with one action step.,Input: We want to communicate better. || Output: Great goal. Practice active listening and end with one action step.
BM00887,personal,husband,I miss how we used to talk calmly.,nostalgia,relationship distance,bonding suggestion,personal,Plan a calm activity together to rebuild connection.,Input: I miss how we used to talk calmly. || Output: Plan a calm activity together to rebuild connection.
BM00888,couple,both,One of us dominates the conversation.,frustration,communication imbalance,pattern reflection,shared,Balance speaking time and reflect what you heard before replying.,Input: One of us dominates the conversation. || Output: Balance speaking time and reflect what you heard before replying.
BM00889,personal,wife,Arguments make me anxious.,anxiety,anger escalation,calming strategy,personal,Ask for a break if the tone escalates.,Input: Arguments make me anxious. || Output: Ask for a break if the tone escalates.
BM00890,couple,both,We will listen without interrupting.,calm,argument control,action plan,shared,"Keep the rule simple: one speaks, one listens, then summarize.","Input: We will listen without interrupting. || Output: Keep the rule simple: one speaks, one listens, then summarize."
BM00891,personal,husband,I feel she does not listen when I try to explain.,sadness,communication gap,empathy,personal,Feeling ignored can hurt. Ask for a calm moment and state one specific need.,Input: I feel she does not listen when I try to explain. || Output: Feeling ignored can hurt. Ask for a calm moment and state one specific need.
BM00892,personal,wife,He gets defensive and I stop sharing.,frustration,defensive behavior,reflection,personal,You are noticing a pattern that blocks sharing. Pause and reset the tone before continuing.,Input: He gets defensive and I stop sharing. || Output: You are noticing a pattern that blocks sharing. Pause and reset the tone before continuing.
BM00893,couple,both,We keep arguing about the same issue.,frustration,recurring conflict,de-escalation,shared,Slow the discussion and let each person speak fully before responding.,Input: We keep arguing about the same issue. || Output: Slow the discussion and let each person speak fully before responding.
BM00894,personal,husband,Work stress made me speak harshly.,guilt,stress spillover,accountability coaching,personal,Recognize your part and plan how to manage stress before conversations.,Input: Work stress made me speak harshly. || Output: Recognize your part and plan how to manage stress before conversations.
BM00895,personal,wife,I feel excluded from important decisions.,hurt,trust issue,validation,personal,Feeling excluded is valid. Explain why shared decisions matter to you.,Input: I feel excluded from important decisions. || Output: Feeling excluded is valid. Explain why shared decisions matter to you.
BM00896,couple,both,We want to communicate better.,hope,none,positive reinforcement,shared,Great goal. Practice active listening and end with one action step.,Input: We want to communicate better. || Output: Great goal. Practice active listening and end with one action step.
BM00897,personal,husband,I miss how we used to talk calmly.,nostalgia,relationship distance,bonding suggestion,personal,Plan a calm activity together to rebuild connection.,Input: I miss how we used to talk calmly. || Output: Plan a calm activity together to rebuild connection.
BM00898,couple,both,One of us dominates the conversation.,frustration,communication imbalance,pattern reflection,shared,Use turn-taking to make the conversation fair.,Input: One of us dominates the conversation. || Output: Use turn-taking to make the conversation fair.
BM00899,personal,wife,Arguments make me anxious.,anxiety,anger escalation,calming strategy,personal,Take a short pause and use slow breathing before continuing.,Input: Arguments make me anxious. || Output: Take a short pause and use slow breathing before continuing.
BM00900,couple,both,We will listen without interrupting.,calm,argument control,action plan,shared,"Keep the rule simple: one speaks, one listens, then summarize.","Input: We will listen without interrupting. || Output: Keep the rule simple: one speaks, one listens, then summarize."
BM00901,personal,husband,I feel she does not listen when I try to explain.,sadness,communication gap,empathy,personal,It sounds like you feel unheard. Try expressing your needs calmly and clearly.,Input: I feel she does not listen when I try to explain. || Output: It sounds like you feel unheard. Try expressing your needs calmly and clearly.
BM00902,personal,wife,He gets defensive and I stop sharing.,frustration,defensive behavior,reflection,personal,This pattern suggests tension. Try choosing a calmer time to talk.,Input: He gets defensive and I stop sharing. || Output: This pattern suggests tension. Try choosing a calmer time to talk.
BM00903,couple,both,We keep arguing about the same issue.,frustration,recurring conflict,de-escalation,shared,This seems repeated. Focus on one issue and avoid past topics for now.,Input: We keep arguing about the same issue. || Output: This seems repeated. Focus on one issue and avoid past topics for now.
BM00904,personal,husband,Work stress made me speak harshly.,guilt,stress spillover,accountability coaching,personal,Recognize your part and plan how to manage stress before conversations.,Input: Work stress made me speak harshly. || Output: Recognize your part and plan how to manage stress before conversations.
BM00905,personal,wife,I feel excluded from important decisions.,hurt,trust issue,validation,personal,Your concern is understandable. Ask for regular check-ins on decisions.,Input: I feel excluded from important decisions. || Output: Your concern is understandable. Ask for regular check-ins on decisions.
BM00906,couple,both,We want to communicate better.,hope,none,positive reinforcement,shared,Great goal. Practice active listening and end with one action step.,Input: We want to communicate better. || Output: Great goal. Practice active listening and end with one action step.
BM00907,personal,husband,I miss how we used to talk calmly.,nostalgia,relationship distance,bonding suggestion,personal,Share a positive memory to reopen safe communication.,Input: I miss how we used to talk calmly. || Output: Share a positive memory to reopen safe communication.
BM00908,couple,both,One of us dominates the conversation.,frustration,communication imbalance,pattern reflection,shared,Balance speaking time and reflect what you heard before replying.,Input: One of us dominates the conversation. || Output: Balance speaking time and reflect what you heard before replying.
BM00909,personal,wife,Arguments make me anxious.,anxiety,anger escalation,calming strategy,personal,Take a short pause and use slow breathing before continuing.,Input: Arguments make me anxious. || Output: Take a short pause and use slow breathing before continuing.
BM00910,couple,both,We will listen without interrupting.,calm,argument control,action plan,shared,"Keep the rule simple: one speaks, one listens, then summarize.","Input: We will listen without interrupting. || Output: Keep the rule simple: one speaks, one listens, then summarize."
BM00911,personal,husband,I feel she does not listen when I try to explain.,sadness,communication gap,empathy,personal,It sounds like you feel unheard. Try expressing your needs calmly and clearly.,Input: I feel she does not listen when I try to explain. || Output: It sounds like you feel unheard. Try expressing your needs calmly and clearly.
BM00912,personal,wife,He gets defensive and I stop sharing.,frustration,defensive behavior,reflection,personal,You are noticing a pattern that blocks sharing. Pause and reset the tone before continuing.,Input: He gets defensive and I stop sharing. || Output: You are noticing a pattern that blocks sharing. Pause and reset the tone before continuing.
BM00913,couple,both,We keep arguing about the same issue.,frustration,recurring conflict,de-escalation,shared,This seems repeated. Focus on one issue and avoid past topics for now.,Input: We keep arguing about the same issue. || Output: This seems repeated. Focus on one issue and avoid past topics for now.
BM00914,personal,husband,Work stress made me speak harshly.,guilt,stress spillover,accountability coaching,personal,Recognize your part and plan how to manage stress before conversations.,Input: Work stress made me speak harshly. || Output: Recognize your part and plan how to manage stress before conversations.
BM00915,personal,wife,I feel excluded from important decisions.,hurt,trust issue,validation,personal,Feeling excluded is valid. Explain why shared decisions matter to you.,Input: I feel excluded from important decisions. || Output: Feeling excluded is valid. Explain why shared decisions matter to you.
BM00916,couple,both,We want to communicate better.,hope,none,positive reinforcement,shared,Build on this by checking in regularly and keeping respect.,Input: We want to communicate better. || Output: Build on this by checking in regularly and keeping respect.
BM00917,personal,husband,I miss how we used to talk calmly.,nostalgia,relationship distance,bonding suggestion,personal,Share a positive memory to reopen safe communication.,Input: I miss how we used to talk calmly. || Output: Share a positive memory to reopen safe communication.
BM00918,couple,both,One of us dominates the conversation.,frustration,communication imbalance,pattern reflection,shared,Balance speaking time and reflect what you heard before replying.,Input: One of us dominates the conversation. || Output: Balance speaking time and reflect what you heard before replying.
BM00919,personal,wife,Arguments make me anxious.,anxiety,anger escalation,calming strategy,personal,Take a short pause and use slow breathing before continuing.,Input: Arguments make me anxious. || Output: Take a short pause and use slow breathing before continuing.
BM00920,couple,both,We will listen without interrupting.,calm,argument control,action plan,shared,"Use a small, clear plan and follow it consistently.","Input: We will listen without interrupting. || Output: Use a small, clear plan and follow it consistently."
BM00921,personal,husband,I feel she does not listen when I try to explain.,sadness,communication gap,empathy,personal,It sounds like you feel unheard. Try expressing your needs calmly and clearly.,Input: I feel she does not listen when I try to explain. || Output: It sounds like you feel unheard. Try expressing your needs calmly and clearly.
BM00922,personal,wife,He gets defensive and I stop sharing.,frustration,defensive behavior,reflection,personal,You are noticing a pattern that blocks sharing. Pause and reset the tone before continuing.,Input: He gets defensive and I stop sharing. || Output: You are noticing a pattern that blocks sharing. Pause and reset the tone before continuing.
BM00923,couple,both,We keep arguing about the same issue.,frustration,recurring conflict,de-escalation,shared,Slow the discussion and let each person speak fully before responding.,Input: We keep arguing about the same issue. || Output: Slow the discussion and let each person speak fully before responding.
BM00924,personal,husband,Work stress made me speak harshly.,guilt,stress spillover,accountability coaching,personal,Recognize your part and plan how to manage stress before conversations.,Input: Work stress made me speak harshly. || Output: Recognize your part and plan how to manage stress before conversations.
BM00925,personal,wife,I feel excluded from important decisions.,hurt,trust issue,validation,personal,Feeling excluded is valid. Explain why shared decisions matter to you.,Input: I feel excluded from important decisions. || Output: Feeling excluded is valid. Explain why shared decisions matter to you.
BM00926,couple,both,We want to communicate better.,hope,none,positive reinforcement,shared,Great goal. Practice active listening and end with one action step.,Input: We want to communicate better. || Output: Great goal. Practice active listening and end with one action step.
BM00927,personal,husband,I miss how we used to talk calmly.,nostalgia,relationship distance,bonding suggestion,personal,Plan a calm activity together to rebuild connection.,Input: I miss how we used to talk calmly. || Output: Plan a calm activity together to rebuild connection.
BM00928,couple,both,One of us dominates the conversation.,frustration,communication imbalance,pattern reflection,shared,Use turn-taking to make the conversation fair.,Input: One of us dominates the conversation. || Output: Use turn-taking to make the conversation fair.
BM00929,personal,wife,Arguments make me anxious.,anxiety,anger escalation,calming strategy,personal,Take a short pause and use slow breathing before continuing.,Input: Arguments make me anxious. || Output: Take a short pause and use slow breathing before continuing.
BM00930,couple,both,We will listen without interrupting.,calm,argument control,action plan,shared,"Keep the rule simple: one speaks, one listens, then summarize.","Input: We will listen without interrupting. || Output: Keep the rule simple: one speaks, one listens, then summarize."
BM00931,personal,husband,I feel she does not listen when I try to explain.,sadness,communication gap,empathy,personal,It sounds like you feel unheard. Try expressing your needs calmly and clearly.,Input: I feel she does not listen when I try to explain. || Output: It sounds like you feel unheard. Try expressing your needs calmly and clearly.
BM00932,personal,wife,He gets defensive and I stop sharing.,frustration,defensive behavior,reflection,personal,This pattern suggests tension. Try choosing a calmer time to talk.,Input: He gets defensive and I stop sharing. || Output: This pattern suggests tension. Try choosing a calmer time to talk.
BM00933,couple,both,We keep arguing about the same issue.,frustration,recurring conflict,de-escalation,shared,Slow the discussion and let each person speak fully before responding.,Input: We keep arguing about the same issue. || Output: Slow the discussion and let each person speak fully before responding.
BM00934,personal,husband,Work stress made me speak harshly.,guilt,stress spillover,accountability coaching,personal,Recognize your part and plan how to manage stress before conversations.,Input: Work stress made me speak harshly. || Output: Recognize your part and plan how to manage stress before conversations.
BM00935,personal,wife,I feel excluded from important decisions.,hurt,trust issue,validation,personal,Feeling excluded is valid. Explain why shared decisions matter to you.,Input: I feel excluded from important decisions. || Output: Feeling excluded is valid. Explain why shared decisions matter to you.
BM00936,couple,both,We want to communicate better.,hope,none,positive reinforcement,shared,Build on this by checking in regularly and keeping respect.,Input: We want to communicate better. || Output: Build on this by checking in regularly and keeping respect.
BM00937,personal,husband,I miss how we used to talk calmly.,nostalgia,relationship distance,bonding suggestion,personal,Plan a calm activity together to rebuild connection.,Input: I miss how we used to talk calmly. || Output: Plan a calm activity together to rebuild connection.
BM00938,couple,both,One of us dominates the conversation.,frustration,communication imbalance,pattern reflection,shared,Balance speaking time and reflect what you heard before replying.,Input: One of us dominates the conversation. || Output: Balance speaking time and reflect what you heard before replying.
BM00939,personal,wife,Arguments make me anxious.,anxiety,anger escalation,calming strategy,personal,Take a short pause and use slow breathing before continuing.,Input: Arguments make me anxious. || Output: Take a short pause and use slow breathing before continuing.
BM00940,couple,both,We will listen without interrupting.,calm,argument control,action plan,shared,"Use a small, clear plan and follow it consistently.","Input: We will listen without interrupting. || Output: Use a small, clear plan and follow it consistently."
BM00941,personal,husband,I feel she does not listen when I try to explain.,sadness,communication gap,empathy,personal,Feeling ignored can hurt. Ask for a calm moment and state one specific need.,Input: I feel she does not listen when I try to explain. || Output: Feeling ignored can hurt. Ask for a calm moment and state one specific need.
BM00942,personal,wife,He gets defensive and I stop sharing.,frustration,defensive behavior,reflection,personal,You are noticing a pattern that blocks sharing. Pause and reset the tone before continuing.,Input: He gets defensive and I stop sharing. || Output: You are noticing a pattern that blocks sharing. Pause and reset the tone before continuing.
BM00943,couple,both,We keep arguing about the same issue.,frustration,recurring conflict,de-escalation,shared,Slow the discussion and let each person speak fully before responding.,Input: We keep arguing about the same issue. || Output: Slow the discussion and let each person speak fully before responding.
BM00944,personal,husband,Work stress made me speak harshly.,guilt,stress spillover,accountability coaching,personal,"Acknowledge the tone, apologize, and commit to a calmer response next time.","Input: Work stress made me speak harshly. || Output: Acknowledge the tone, apologize, and commit to a calmer response next time."
BM00945,personal,wife,I feel excluded from important decisions.,hurt,trust issue,validation,personal,Your concern is understandable. Ask for regular check-ins on decisions.,Input: I feel excluded from important decisions. || Output: Your concern is understandable. Ask for regular check-ins on decisions.
BM00946,couple,both,We want to communicate better.,hope,none,positive reinforcement,shared,Great goal. Practice active listening and end with one action step.,Input: We want to communicate better. || Output: Great goal. Practice active listening and end with one action step.
BM00947,personal,husband,I miss how we used to talk calmly.,nostalgia,relationship distance,bonding suggestion,personal,Plan a calm activity together to rebuild connection.,Input: I miss how we used to talk calmly. || Output: Plan a calm activity together to rebuild connection.
BM00948,couple,both,One of us dominates the conversation.,frustration,communication imbalance,pattern reflection,shared,Balance speaking time and reflect what you heard before replying.,Input: One of us dominates the conversation. || Output: Balance speaking time and reflect what you heard before replying.
BM00949,personal,wife,Arguments make me anxious.,anxiety,anger escalation,calming strategy,personal,Ask for a break if the tone escalates.,Input: Arguments make me anxious. || Output: Ask for a break if the tone escalates.
BM00950,couple,both,We will listen without interrupting.,calm,argument control,action plan,shared,"Use a small, clear plan and follow it consistently.","Input: We will listen without interrupting. || Output: Use a small, clear plan and follow it consistently."
BM00951,personal,husband,I feel she does not listen when I try to explain.,sadness,communication gap,empathy,personal,Feeling ignored can hurt. Ask for a calm moment and state one specific need.,Input: I feel she does not listen when I try to explain. || Output: Feeling ignored can hurt. Ask for a calm moment and state one specific need.
BM00952,personal,wife,He gets defensive and I stop sharing.,frustration,defensive behavior,reflection,personal,This pattern suggests tension. Try choosing a calmer time to talk.,Input: He gets defensive and I stop sharing. || Output: This pattern suggests tension. Try choosing a calmer time to talk.
BM00953,couple,both,We keep arguing about the same issue.,frustration,recurring conflict,de-escalation,shared,Slow the discussion and let each person speak fully before responding.,Input: We keep arguing about the same issue. || Output: Slow the discussion and let each person speak fully before responding.
BM00954,personal,husband,Work stress made me speak harshly.,guilt,stress spillover,accountability coaching,personal,Recognize your part and plan how to manage stress before conversations.,Input: Work stress made me speak harshly. || Output: Recognize your part and plan how to manage stress before conversations.
BM00955,personal,wife,I feel excluded from important decisions.,hurt,trust issue,validation,personal,Feeling excluded is valid. Explain why shared decisions matter to you.,Input: I feel excluded from important decisions. || Output: Feeling excluded is valid. Explain why shared decisions matter to you.
BM00956,couple,both,We want to communicate better.,hope,none,positive reinforcement,shared,Build on this by checking in regularly and keeping respect.,Input: We want to communicate better. || Output: Build on this by checking in regularly and keeping respect.
BM00957,personal,husband,I miss how we used to talk calmly.,nostalgia,relationship distance,bonding suggestion,personal,Share a positive memory to reopen safe communication.,Input: I miss how we used to talk calmly. || Output: Share a positive memory to reopen safe communication.
BM00958,couple,both,One of us dominates the conversation.,frustration,communication imbalance,pattern reflection,shared,Use turn-taking to make the conversation fair.,Input: One of us dominates the conversation. || Output: Use turn-taking to make the conversation fair.
BM00959,personal,wife,Arguments make me anxious.,anxiety,anger escalation,calming strategy,personal,Ask for a break if the tone escalates.,Input: Arguments make me anxious. || Output: Ask for a break if the tone escalates.
BM00960,couple,both,We will listen without interrupting.,calm,argument control,action plan,shared,"Keep the rule simple: one speaks, one listens, then summarize.","Input: We will listen without interrupting. || Output: Keep the rule simple: one speaks, one listens, then summarize."
BM00961,personal,husband,I feel she does not listen when I try to explain.,sadness,communication gap,empathy,personal,Feeling ignored can hurt. Ask for a calm moment and state one specific need.,Input: I feel she does not listen when I try to explain. || Output: Feeling ignored can hurt. Ask for a calm moment and state one specific need.
BM00962,personal,wife,He gets defensive and I stop sharing.,frustration,defensive behavior,reflection,personal,You are noticing a pattern that blocks sharing. Pause and reset the tone before continuing.,Input: He gets defensive and I stop sharing. || Output: You are noticing a pattern that blocks sharing. Pause and reset the tone before continuing.
BM00963,couple,both,We keep arguing about the same issue.,frustration,recurring conflict,de-escalation,shared,Slow the discussion and let each person speak fully before responding.,Input: We keep arguing about the same issue. || Output: Slow the discussion and let each person speak fully before responding.
BM00964,personal,husband,Work stress made me speak harshly.,guilt,stress spillover,accountability coaching,personal,Recognize your part and plan how to manage stress before conversations.,Input: Work stress made me speak harshly. || Output: Recognize your part and plan how to manage stress before conversations.
BM00965,personal,wife,I feel excluded from important decisions.,hurt,trust issue,validation,personal,Feeling excluded is valid. Explain why shared decisions matter to you.,Input: I feel excluded from important decisions. || Output: Feeling excluded is valid. Explain why shared decisions matter to you.
BM00966,couple,both,We want to communicate better.,hope,none,positive reinforcement,shared,Great goal. Practice active listening and end with one action step.,Input: We want to communicate better. || Output: Great goal. Practice active listening and end with one action step.
BM00967,personal,husband,I miss how we used to talk calmly.,nostalgia,relationship distance,bonding suggestion,personal,Share a positive memory to reopen safe communication.,Input: I miss how we used to talk calmly. || Output: Share a positive memory to reopen safe communication.
BM00968,couple,both,One of us dominates the conversation.,frustration,communication imbalance,pattern reflection,shared,Balance speaking time and reflect what you heard before replying.,Input: One of us dominates the conversation. || Output: Balance speaking time and reflect what you heard before replying.
BM00969,personal,wife,Arguments make me anxious.,anxiety,anger escalation,calming strategy,personal,Ask for a break if the tone escalates.,Input: Arguments make me anxious. || Output: Ask for a break if the tone escalates.
BM00970,couple,both,We will listen without interrupting.,calm,argument control,action plan,shared,"Keep the rule simple: one speaks, one listens, then summarize.","Input: We will listen without interrupting. || Output: Keep the rule simple: one speaks, one listens, then summarize."
BM00971,personal,husband,I feel she does not listen when I try to explain.,sadness,communication gap,empathy,personal,It sounds like you feel unheard. Try expressing your needs calmly and clearly.,Input: I feel she does not listen when I try to explain. || Output: It sounds like you feel unheard. Try expressing your needs calmly and clearly.
BM00972,personal,wife,He gets defensive and I stop sharing.,frustration,defensive behavior,reflection,personal,This pattern suggests tension. Try choosing a calmer time to talk.,Input: He gets defensive and I stop sharing. || Output: This pattern suggests tension. Try choosing a calmer time to talk.
BM00973,couple,both,We keep arguing about the same issue.,frustration,recurring conflict,de-escalation,shared,Slow the discussion and let each person speak fully before responding.,Input: We keep arguing about the same issue. || Output: Slow the discussion and let each person speak fully before responding.
BM00974,personal,husband,Work stress made me speak harshly.,guilt,stress spillover,accountability coaching,personal,Recognize your part and plan how to manage stress before conversations.,Input: Work stress made me speak harshly. || Output: Recognize your part and plan how to manage stress before conversations.
BM00975,personal,wife,I feel excluded from important decisions.,hurt,trust issue,validation,personal,Feeling excluded is valid. Explain why shared decisions matter to you.,Input: I feel excluded from important decisions. || Output: Feeling excluded is valid. Explain why shared decisions matter to you.
BM00976,couple,both,We want to communicate better.,hope,none,positive reinforcement,shared,Great goal. Practice active listening and end with one action step.,Input: We want to communicate better. || Output: Great goal. Practice active listening and end with one action step.
BM00977,personal,husband,I miss how we used to talk calmly.,nostalgia,relationship distance,bonding suggestion,personal,Plan a calm activity together to rebuild connection.,Input: I miss how we used to talk calmly. || Output: Plan a calm activity together to rebuild connection.
BM00978,couple,both,One of us dominates the conversation.,frustration,communication imbalance,pattern reflection,shared,Balance speaking time and reflect what you heard before replying.,Input: One of us dominates the conversation. || Output: Balance speaking time and reflect what you heard before replying.
BM00979,personal,wife,Arguments make me anxious.,anxiety,anger escalation,calming strategy,personal,Take a short pause and use slow breathing before continuing.,Input: Arguments make me anxious. || Output: Take a short pause and use slow breathing before continuing.
BM00980,couple,both,We will listen without interrupting.,calm,argument control,action plan,shared,"Use a small, clear plan and follow it consistently.","Input: We will listen without interrupting. || Output: Use a small, clear plan and follow it consistently."
BM00981,personal,husband,I feel she does not listen when I try to explain.,sadness,communication gap,empathy,personal,It sounds like you feel unheard. Try expressing your needs calmly and clearly.,Input: I feel she does not listen when I try to explain. || Output: It sounds like you feel unheard. Try expressing your needs calmly and clearly.
BM00982,personal,wife,He gets defensive and I stop sharing.,frustration,defensive behavior,reflection,personal,This pattern suggests tension. Try choosing a calmer time to talk.,Input: He gets defensive and I stop sharing. || Output: This pattern suggests tension. Try choosing a calmer time to talk.
BM00983,couple,both,We keep arguing about the same issue.,frustration,recurring conflict,de-escalation,shared,This seems repeated. Focus on one issue and avoid past topics for now.,Input: We keep arguing about the same issue. || Output: This seems repeated. Focus on one issue and avoid past topics for now.
BM00984,personal,husband,Work stress made me speak harshly.,guilt,stress spillover,accountability coaching,personal,"Acknowledge the tone, apologize, and commit to a calmer response next time.","Input: Work stress made me speak harshly. || Output: Acknowledge the tone, apologize, and commit to a calmer response next time."
BM00985,personal,wife,I feel excluded from important decisions.,hurt,trust issue,validation,personal,Your concern is understandable. Ask for regular check-ins on decisions.,Input: I feel excluded from important decisions. || Output: Your concern is understandable. Ask for regular check-ins on decisions.
BM00986,couple,both,We want to communicate better.,hope,none,positive reinforcement,shared,Build on this by checking in regularly and keeping respect.,Input: We want to communicate better. || Output: Build on this by checking in regularly and keeping respect.
BM00987,personal,husband,I miss how we used to talk calmly.,nostalgia,relationship distance,bonding suggestion,personal,Plan a calm activity together to rebuild connection.,Input: I miss how we used to talk calmly. || Output: Plan a calm activity together to rebuild connection.
BM00988,couple,both,One of us dominates the conversation.,frustration,communication imbalance,pattern reflection,shared,Balance speaking time and reflect what you heard before replying.,Input: One of us dominates the conversation. || Output: Balance speaking time and reflect what you heard before replying.
BM00989,personal,wife,Arguments make me anxious.,anxiety,anger escalation,calming strategy,personal,Take a short pause and use slow breathing before continuing.,Input: Arguments make me anxious. || Output: Take a short pause and use slow breathing before continuing.
BM00990,couple,both,We will listen without interrupting.,calm,argument control,action plan,shared,"Keep the rule simple: one speaks, one listens, then summarize.","Input: We will listen without interrupting. || Output: Keep the rule simple: one speaks, one listens, then summarize."
BM00991,personal,husband,I feel she does not listen when I try to explain.,sadness,communication gap,empathy,personal,Feeling ignored can hurt. Ask for a calm moment and state one specific need.,Input: I feel she does not listen when I try to explain. || Output: Feeling ignored can hurt. Ask for a calm moment and state one specific need.
BM00992,personal,wife,He gets defensive and I stop sharing.,frustration,defensive behavior,reflection,personal,This pattern suggests tension. Try choosing a calmer time to talk.,Input: He gets defensive and I stop sharing. || Output: This pattern suggests tension. Try choosing a calmer time to talk.
BM00993,couple,both,We keep arguing about the same issue.,frustration,recurring conflict,de-escalation,shared,This seems repeated. Focus on one issue and avoid past topics for now.,Input: We keep arguing about the same issue. || Output: This seems repeated. Focus on one issue and avoid past topics for now.
BM00994,personal,husband,Work stress made me speak harshly.,guilt,stress spillover,accountability coaching,personal,Recognize your part and plan how to manage stress before conversations.,Input: Work stress made me speak harshly. || Output: Recognize your part and plan how to manage stress before conversations.
BM00995,personal,wife,I feel excluded from important decisions.,hurt,trust issue,validation,personal,Feeling excluded is valid. Explain why shared decisions matter to you.,Input: I feel excluded from important decisions. || Output: Feeling excluded is valid. Explain why shared decisions matter to you.
BM00996,couple,both,We want to communicate better.,hope,none,positive reinforcement,shared,Great goal. Practice active listening and end with one action step.,Input: We want to communicate better. || Output: Great goal. Practice active listening and end with one action step.
BM00997,personal,husband,I miss how we used to talk calmly.,nostalgia,relationship distance,bonding suggestion,personal,Share a positive memory to reopen safe communication.,Input: I miss how we used to talk calmly. || Output: Share a positive memory to reopen safe communication.
BM00998,couple,both,One of us dominates the conversation.,frustration,communication imbalance,pattern reflection,shared,Use turn-taking to make the conversation fair.,Input: One of us dominates the conversation. || Output: Use turn-taking to make the conversation fair.
BM00999,personal,wife,Arguments make me anxious.,anxiety,anger escalation,calming strategy,personal,Take a short pause and use slow breathing before continuing.,Input: Arguments make me anxious. || Output: Take a short pause and use slow breathing before continuing.
BM01000,couple,both,We will listen without interrupting.,calm,argument control,action plan,shared,"Use a small, clear plan and follow it consistently.","Input: We will listen without interrupting. || Output: Use a small, clear plan and follow it consistently."
